StartDate,EndDate,Status,IPAddress,Progress,Duration (in seconds),Finished,RecordedDate,ResponseId,RecipientLastName,RecipientFirstName,RecipientEmail,ExternalReference,LocationLatitude,LocationLongitude,DistributionChannel,UserLanguage,consent,swl1,swl2,swl3,swl4,swl5,fses1,fses2,fses3,fses4,fses5,fses6,sex,sex_55_TEXT,age,education,religion_importance,pray,prolific_ID
Start Date,End Date,Response Type,IP Address,Progress,Duration (in seconds),Finished,Recorded Date,Response ID,Recipient Last Name,Recipient First Name,Recipient Email,External Data Reference,Location Latitude,Location Longitude,Distribution Channel,User Language,"Dear participant,



We would like to invite you to take part in our research. In this letter, we inform you about the present research study. Specifically, we will describe its goals, the types of questions we will ask you, how much time and effort we ask from you, and the possible benefits and disadvantages of participation. Please read the following information carefully and contact the researcher for more information if you have any questions. After you have read the information and your questions have been answered, you can decide if you want to participate in this study. Your participation is entirely voluntary. If you decide to participate, please indicate so at the bottom of this form.",In most ways my life is close to my ideal.,The conditions of my life are excellent,I am satisfied with my life.,So far I have gotten the important things I want in life.,"If I could live my life over, I would change almost nothing.","It is hard to stick to my spending plan when
unexpected expenses arise.","It is challenging to make progress toward my
financial goals.","When unexpected expenses occur I usually
have to use credit.","When faced with a financial challenge, I have
a hard time figuring out a solution.","I lack confidence in my ability to manage my
finances.","I worry about running out of money in
retirement.",Are you... - Selected Choice,Are you... - I prefer to self-describe - Text,Please indicate your age:,What is the highest level of education you have completed?,How important is religion in your life?,"Apart from weddings and funerals, about how often do you pray?",prolific_ID
"{""ImportId"":""startDate"",""timeZone"":""Europe/Berlin""}","{""ImportId"":""endDate"",""timeZone"":""Europe/Berlin""}","{""ImportId"":""status""}","{""ImportId"":""ipAddress""}","{""ImportId"":""progress""}","{""ImportId"":""duration""}","{""ImportId"":""finished""}","{""ImportId"":""recordedDate"",""timeZone"":""Europe/Berlin""}","{""ImportId"":""_recordId""}","{""ImportId"":""recipientLastName""}","{""ImportId"":""recipientFirstName""}","{""ImportId"":""recipientEmail""}","{""ImportId"":""externalDataReference""}","{""ImportId"":""locationLatitude""}","{""ImportId"":""locationLongitude""}","{""ImportId"":""distributionChannel""}","{""ImportId"":""userLanguage""}","{""ImportId"":""QID2""}","{""ImportId"":""QID14""}","{""ImportId"":""QID15""}","{""ImportId"":""QID16""}","{""ImportId"":""QID17""}","{""ImportId"":""QID18""}","{""ImportId"":""QID8""}","{""ImportId"":""QID9""}","{""ImportId"":""QID10""}","{""ImportId"":""QID11""}","{""ImportId"":""QID12""}","{""ImportId"":""QID13""}","{""ImportId"":""QID7""}","{""ImportId"":""QID7_3_TEXT""}","{""ImportId"":""QID1""}","{""ImportId"":""QID3""}","{""ImportId"":""QID4""}","{""ImportId"":""QID5""}","{""ImportId"":""prolific_ID""}"
2025-02-10 01:14:56,2025-02-10 01:14:57,2,,100,1,1,2025-02-10 01:14:58,R_000LlFtqSLMvvX8,,,,,,,test,,1,2,5,1,1,7,7,4,4,5,4,4,0,,43,1,3,8,22886
2025-02-10 01:14:58,2025-02-10 01:14:58,2,,100,0,1,2025-02-10 01:14:58,R_dcoAkHIb61JskOW,,,,,,,test,,1,2,5,1,7,3,7,1,3,3,6,5,99,,58,3,3,2,30001
2025-02-10 01:14:58,2025-02-10 01:14:58,2,,100,0,1,2025-02-10 01:14:58,R_5u0LMn2VOsWxbBY,,,,,,,test,,1,1,2,5,4,3,5,2,3,7,7,5,0,,89,3,4,7,27303
2025-02-10 01:14:58,2025-02-10 01:14:58,2,,100,0,1,2025-02-10 01:14:58,R_7TII90c3sk8NwsS,,,,,,,test,,1,4,1,3,6,3,2,2,1,7,4,4,1,,84,4,1,1,27293
2025-02-10 01:14:58,2025-02-10 01:14:58,2,,100,0,1,2025-02-10 01:14:58,R_6Xy592VZR6jCKA6,,,,,,,test,,1,1,6,4,2,5,6,5,6,4,3,2,0,,60,5,1,6,41593
2025-02-10 01:14:58,2025-02-10 01:14:58,2,,100,0,1,2025-02-10 01:14:58,R_5BBijI5BvBh227s,,,,,,,test,,1,5,5,4,7,4,6,4,5,4,2,5,0,,62,1,2,8,34823
2025-02-10 01:14:59,2025-02-10 01:14:59,2,,100,0,1,2025-02-10 01:14:59,R_7URMbv1BOw2OIWG,,,,,,,test,,1,2,3,6,1,6,6,3,7,1,1,1,99,,52,4,2,8,31165
2025-02-10 01:14:59,2025-02-10 01:14:59,2,,100,0,1,2025-02-10 01:14:59,R_2ntUhRSCuyPKjd4,,,,,,,test,,1,1,1,3,1,6,6,1,6,5,5,6,0,,19,6,4,3,34801
2025-02-10 01:14:59,2025-02-10 01:14:59,2,,100,0,1,2025-02-10 01:14:59,R_bQUwohhnzfWv0qy,,,,,,,test,,1,4,5,7,6,5,1,6,3,1,6,1,0,,92,1,4,5,42217
2025-02-10 01:14:59,2025-02-10 01:14:59,2,,100,0,1,2025-02-10 01:14:59,R_9pdSjNZHLYr1V8W,,,,,,,test,,1,1,1,5,3,1,5,2,2,2,2,2,1,,31,2,2,3,16959
2025-02-10 01:14:59,2025-02-10 01:14:59,2,,100,0,1,2025-02-10 01:14:59,R_55SR4QJVH2dyhPo,,,,,,,test,,1,6,6,5,6,7,3,7,2,1,6,1,99,,90,4,3,3,28673
2025-02-10 01:14:59,2025-02-10 01:14:59,2,,100,0,1,2025-02-10 01:15:00,R_2l6pZP9LQwaRFqe,,,,,,,test,,1,6,1,7,6,5,3,4,1,4,7,2,0,,83,5,2,7,26130
2025-02-10 01:15:00,2025-02-10 01:15:00,2,,100,0,1,2025-02-10 01:15:00,R_8tUMEFfMRFFDJCm,,,,,,,test,,1,2,6,4,3,7,4,6,6,3,6,1,99,,25,6,2,7,14042
2025-02-10 01:15:00,2025-02-10 01:15:00,2,,100,0,1,2025-02-10 01:15:00,R_6E7w5kXVDXSx6h8,,,,,,,test,,1,3,2,5,2,6,1,3,1,4,6,7,1,,66,3,1,5,20095
2025-02-10 01:15:00,2025-02-10 01:15:00,2,,100,0,1,2025-02-10 01:15:00,R_cHNgtoxeGYU1Y0e,,,,,,,test,,1,3,7,1,1,6,7,7,6,5,3,6,55,Mattis pede cras tincidunt tempor tincidunt non egestas dictumst. Montes aliquam porta natoque ullamcorper.,41,2,2,6,20133
2025-02-10 01:15:00,2025-02-10 01:15:00,2,,100,0,1,2025-02-10 01:15:00,R_cwIWDqjx6Fpo9DM,,,,,,,test,,1,6,7,3,5,3,5,6,4,6,6,7,55,"Mattis primis maecenas facilisi nonummy rhoncus vivamus nonummy, dictumst! Dignissim velit. Mattis, tellus.",62,3,3,5,19049
2025-02-10 01:15:00,2025-02-10 01:15:00,2,,100,0,1,2025-02-10 01:15:00,R_2nQiNCZ080FBR54,,,,,,,test,,1,4,5,5,3,3,3,4,1,1,5,5,0,,40,6,5,7,42886
2025-02-10 01:15:00,2025-02-10 01:15:00,2,,100,0,1,2025-02-10 01:15:01,R_4SicDGjHvTsFZI2,,,,,,,test,,1,7,4,7,7,3,4,7,2,4,5,6,0,,23,4,4,6,24130
2025-02-10 01:15:01,2025-02-10 01:15:01,2,,100,0,1,2025-02-10 01:15:01,R_bCWrPTnB9AIFOB0,,,,,,,test,,1,4,2,4,2,2,5,3,3,7,6,6,1,,95,6,4,3,38047
2025-02-10 01:15:01,2025-02-10 01:15:01,2,,100,0,1,2025-02-10 01:15:01,R_8A1fWI3a5oa206O,,,,,,,test,,1,3,6,2,2,5,4,5,4,4,2,6,0,,69,5,2,6,18787
2025-02-10 01:15:01,2025-02-10 01:15:01,2,,100,0,1,2025-02-10 01:15:01,R_bsc3oNjPoyZuZGS,,,,,,,test,,1,5,7,7,3,6,7,5,3,1,6,4,55,Tempor? Sem scelerisque lorem. Aenean sodales aliquam magnis at pellentesque ipsum arcu fringilla.,61,2,2,6,32540
2025-02-10 01:15:01,2025-02-10 01:15:01,2,,100,0,1,2025-02-10 01:15:01,R_7UMddsa70OGcD1s,,,,,,,test,,1,7,6,6,2,3,6,6,5,2,1,5,1,,55,3,5,6,17829
2025-02-10 01:15:01,2025-02-10 01:15:01,2,,100,0,1,2025-02-10 01:15:01,R_0jK4lPaZioV2KSG,,,,,,,test,,1,6,7,4,1,3,5,3,1,5,1,4,1,,65,3,1,3,19328
2025-02-10 01:15:01,2025-02-10 01:15:01,2,,100,0,1,2025-02-10 01:15:02,R_eJLtLHSBFrzy0B0,,,,,,,test,,1,3,3,7,5,5,2,7,4,4,4,7,55,Gravida tempora? Velit ab eu imperdiet nibh. Ridiculus rutrum bibendum risus. Interdum fringilla malesuada? Scelerisque.,74,2,4,3,16199
2025-02-10 01:15:02,2025-02-10 01:15:02,2,,100,0,1,2025-02-10 01:15:02,R_1BqklnCw7F6Lt1Y,,,,,,,test,,1,5,5,3,1,,1,4,2,2,4,7,0,,86,4,3,8,25948
2025-02-10 01:15:02,2025-02-10 01:15:02,2,,100,0,1,2025-02-10 01:15:02,R_elnTBdz2hvZ3Mrk,,,,,,,test,,1,5,3,7,6,4,1,7,4,7,5,7,99,,66,6,3,2,21035
2025-02-10 01:15:02,2025-02-10 01:15:02,2,,100,0,1,2025-02-10 01:15:02,R_5AZ7G5HmZw2rtuS,,,,,,,test,,1,4,4,6,4,,6,1,2,2,7,2,55,"Non praesent dictumst risus velit porta, commodo, felis ipsum accumsan.",80,3,5,8,42135
2025-02-10 01:15:02,2025-02-10 01:15:02,2,,100,0,1,2025-02-10 01:15:02,R_8wE19Yg4eux28HI,,,,,,,test,,1,3,2,7,1,7,7,5,3,2,3,7,99,,65,2,1,2,26234
2025-02-10 01:15:02,2025-02-10 01:15:02,2,,100,0,1,2025-02-10 01:15:02,R_9zt9czlzh7FBno2,,,,,,,test,,1,6,1,2,7,4,4,5,7,7,5,2,99,,40,1,5,2,17671
2025-02-10 01:15:02,2025-02-10 01:15:03,2,,100,1,1,2025-02-10 01:15:03,R_9oEPfSmIIBcJTEO,,,,,,,test,,1,2,6,1,1,,1,3,4,1,2,3,99,,40,3,5,3,14973
2025-02-10 01:15:03,2025-02-10 01:15:03,2,,100,0,1,2025-02-10 01:15:03,R_6L0iFZ7c1uvxGGW,,,,,,,test,,1,5,6,2,7,1,7,6,7,5,3,1,1,,27,1,4,4,25445
2025-02-10 01:15:03,2025-02-10 01:15:03,2,,100,0,1,2025-02-10 01:15:03,R_d4DchaCMrlIsDsi,,,,,,,test,,1,4,4,7,3,2,6,6,3,6,7,4,1,,101,4,2,5,18443
2025-02-10 01:15:03,2025-02-10 01:15:03,2,,100,0,1,2025-02-10 01:15:03,R_41N2ZwWBu7nwfjg,,,,,,,test,,1,3,1,4,4,1,6,1,7,7,2,5,0,,56,4,3,6,14147
2025-02-10 01:15:03,2025-02-10 01:15:03,2,,100,0,1,2025-02-10 01:15:03,R_7TYCOY0FxVNfXX8,,,,,,,test,,1,3,5,7,1,4,7,6,6,6,7,7,99,,52,6,1,5,36045
2025-02-10 01:15:03,2025-02-10 01:15:03,2,,100,0,1,2025-02-10 01:15:03,R_3KQIE9ggLbPG80m,,,,,,,test,,1,1,1,6,3,7,4,2,5,3,6,5,0,,41,1,2,1,15240
2025-02-10 01:15:04,2025-02-10 01:15:04,2,,100,0,1,2025-02-10 01:15:04,R_b7yW2zkQJ9IOKyO,,,,,,,test,,1,1,1,5,1,,7,7,3,1,2,1,1,,93,6,3,2,40474
2025-02-10 01:15:04,2025-02-10 01:15:04,2,,100,0,1,2025-02-10 01:15:04,R_82mrQO0RmB79MG2,,,,,,,test,,1,7,3,6,3,2,1,1,7,5,1,3,1,,60,2,4,1,32021
2025-02-10 01:15:04,2025-02-10 01:15:04,2,,100,0,1,2025-02-10 01:15:04,R_81Ubpq9H4tEI2Pk,,,,,,,test,,1,3,3,6,4,,5,7,3,5,6,2,1,,24,5,3,2,43086
2025-02-10 01:15:04,2025-02-10 01:15:04,2,,100,0,1,2025-02-10 01:15:04,R_agyOFU9S3rKLzlc,,,,,,,test,,1,7,3,4,4,,3,2,4,4,3,4,55,"Molestie mauris morbi. Egestas rhoncus lectus. Egestas, dolorem sapien! Curabitur faucibus pharetra. Velit.",93,5,4,1,33506
2025-02-10 01:15:04,2025-02-10 01:15:04,2,,100,0,1,2025-02-10 01:15:04,R_erId2tqZI2GuOUK,,,,,,,test,,1,6,7,2,7,4,4,5,7,2,5,6,0,,64,1,5,1,39129
2025-02-10 01:15:04,2025-02-10 01:15:04,2,,100,0,1,2025-02-10 01:15:04,R_a3N23iVPDg97mmO,,,,,,,test,,1,7,3,4,4,2,7,6,7,5,4,4,55,Maecenas odio dolorem. Lacus ultrices pede vestibulum accumsan imperdiet urna.,22,1,5,2,29617
2025-02-10 01:15:05,2025-02-10 01:15:05,2,,100,0,1,2025-02-10 01:15:05,R_4NJkXo9W25CAznU,,,,,,,test,,1,2,4,6,3,4,3,7,2,6,5,6,0,,87,6,4,6,43424
2025-02-10 01:15:05,2025-02-10 01:15:05,2,,100,0,1,2025-02-10 01:15:05,R_7OnPtteku6x5uOW,,,,,,,test,,1,3,2,1,3,,5,2,2,2,4,5,0,,90,5,4,7,35847
2025-02-10 01:15:05,2025-02-10 01:15:05,2,,100,0,1,2025-02-10 01:15:05,R_07lxTaXvWGIJLng,,,,,,,test,,1,7,2,6,3,6,3,5,6,3,6,2,55,Venenatis tincidunt quis vehicula leo maecenas. In ut tempus. Ac magna.,97,1,2,6,38259
2025-02-10 01:15:05,2025-02-10 01:15:05,2,,100,0,1,2025-02-10 01:15:05,R_daqDV6GqcVLZaCO,,,,,,,test,,1,1,7,6,3,4,1,5,6,3,7,2,0,,56,1,2,4,19872
2025-02-10 01:15:05,2025-02-10 01:15:05,2,,100,0,1,2025-02-10 01:15:05,R_eP8BEykYUnAMaii,,,,,,,test,,1,5,4,2,6,7,5,5,1,6,5,3,0,,21,4,1,7,25488
2025-02-10 01:15:05,2025-02-10 01:15:05,2,,100,0,1,2025-02-10 01:15:05,R_ekBwFVG5W1vkD6S,,,,,,,test,,1,4,4,1,3,,1,3,3,5,2,2,55,"Risus. Neque et donec! Proin elementum lacus consequat bibendum, per in.",101,3,1,7,24421
2025-02-10 01:15:06,2025-02-10 01:15:06,2,,100,0,1,2025-02-10 01:15:06,R_6D3Bu57obVTSYK2,,,,,,,test,,1,2,5,6,3,3,5,2,6,5,3,1,0,,50,4,1,8,38885
2025-02-10 01:15:06,2025-02-10 01:15:06,2,,100,0,1,2025-02-10 01:15:06,R_50TPnS7TvGPh3fw,,,,,,,test,,1,5,1,2,6,4,1,7,6,7,3,5,0,,366,1,3,4,20002
2025-02-10 01:15:06,2025-02-10 01:15:06,2,,100,0,1,2025-02-10 01:15:06,R_4UDhfmS2MEpMg0C,,,,,,,test,,1,1,3,5,7,1,1,2,2,5,4,4,99,,45,1,2,5,40365
2025-02-10 01:15:06,2025-02-10 01:15:06,2,,100,0,1,2025-02-10 01:15:06,R_8kNAcIE65qoxH1k,,,,,,,test,,1,5,3,6,5,4,3,6,3,2,2,2,55,Volutpat? Eleifend. Curabitur potenti ante imperdiet porta volutpat orci fusce ligula enim blandit.,103,1,2,2,38922
2025-02-10 01:15:06,2025-02-10 01:15:06,2,,100,0,1,2025-02-10 01:15:06,R_5o77u8dNYnt0FXo,,,,,,,test,,1,6,7,2,1,,2,1,3,1,4,3,0,,26,3,3,8,29523
2025-02-10 01:15:06,2025-02-10 01:15:06,2,,100,0,1,2025-02-10 01:15:06,R_d5TIfo4ckwYFxiu,,,,,,,test,,1,4,4,1,6,6,7,7,4,4,4,6,0,,23,3,3,5,21400
2025-02-10 01:15:07,2025-02-10 01:15:07,2,,100,0,1,2025-02-10 01:15:07,R_41oamjclKqI7Sqa,,,,,,,test,,1,7,6,7,2,3,7,6,4,4,7,1,55,Tortor erat. Volutpat posuere est interdum! Malesuada porta posuere integer nibh dolorem sodales platea.,61,6,4,1,14925
2025-02-10 01:15:07,2025-02-10 01:15:07,2,,100,0,1,2025-02-10 01:15:07,R_85E5374GGZTAYm2,,,,,,,test,,1,5,2,5,6,2,4,3,6,4,6,3,1,,40,5,3,5,29064
2025-02-10 01:15:07,2025-02-10 01:15:07,2,,100,0,1,2025-02-10 01:15:07,R_bCn0QzLFHAymoom,,,,,,,test,,1,3,3,5,4,6,1,1,3,5,4,7,55,"Cras, sagittis fringilla ut elementum donec euismod leo massa suspendisse.",98,2,3,6,18694
2025-02-10 01:15:07,2025-02-10 01:15:07,2,,100,0,1,2025-02-10 01:15:07,R_3QwMlp8RCxlGZDM,,,,,,,test,,1,2,6,4,7,5,3,6,5,1,7,6,1,,73,4,3,3,32038
2025-02-10 01:15:07,2025-02-10 01:15:07,2,,100,0,1,2025-02-10 01:15:07,R_0OkGykgJhCvVa8S,,,,,,,test,,1,4,4,5,2,3,5,4,5,4,1,6,99,,31,1,5,7,32895
2025-02-10 01:15:07,2025-02-10 01:15:07,2,,100,0,1,2025-02-10 01:15:07,R_ezjq7Oa3PAGTMRU,,,,,,,test,,1,3,6,1,4,7,2,6,3,3,6,3,99,,35,4,2,2,25396
2025-02-10 01:15:08,2025-02-10 01:15:08,2,,100,0,1,2025-02-10 01:15:08,R_81x5m5waQepYuFw,,,,,,,test,,1,1,1,2,4,4,6,4,3,1,6,7,1,,62,2,4,3,42828
2025-02-10 01:15:08,2025-02-10 01:15:08,2,,100,0,1,2025-02-10 01:15:08,R_6EYfIfdUYh5Mn1I,,,,,,,test,,1,7,1,3,5,4,4,4,6,3,3,4,1,,100,1,1,7,24229
2025-02-10 01:15:08,2025-02-10 01:15:08,2,,100,0,1,2025-02-10 01:15:08,R_2fsBkhV3a4xRzx4,,,,,,,test,,1,3,7,2,2,3,6,1,6,3,3,4,0,,70,2,1,7,36118
2025-02-10 01:15:08,2025-02-10 01:15:08,2,,100,0,1,2025-02-10 01:15:08,R_3L61SieD8iQh5To,,,,,,,test,,1,6,4,5,6,,2,6,5,5,6,4,0,,92,2,2,1,20484
2025-02-10 01:15:08,2025-02-10 01:15:08,2,,100,0,1,2025-02-10 01:15:08,R_0PxDBVuOJ4ZkNMy,,,,,,,test,,1,6,1,2,2,7,1,6,3,2,1,3,99,,22,5,3,7,16723
2025-02-10 01:15:08,2025-02-10 01:15:08,2,,100,0,1,2025-02-10 01:15:08,R_6gSCfyRdd6UfPUi,,,,,,,test,,1,4,4,4,4,1,3,5,5,5,2,3,0,,31,1,1,1,24785
2025-02-10 01:15:09,2025-02-10 01:15:09,2,,100,0,1,2025-02-10 01:15:09,R_0kX0qyFv4mpLv8O,,,,,,,test,,1,5,1,7,4,5,7,2,7,2,5,4,55,"Molestie consectetuer cursus iaculis? Bibendum euismod porta duis? Atque amet, blandit a, dapibus.",26,5,5,6,40794
2025-02-10 01:15:09,2025-02-10 01:15:09,2,,100,0,1,2025-02-10 01:15:09,R_dczXmrymwOIdnZY,,,,,,,test,,1,3,7,7,1,1,7,7,2,1,1,3,55,Dictumst sit vitae id egestas eu etiam. Aliquam venenatis pede eros eget ultrices.,29,1,1,6,17531
2025-02-10 01:15:09,2025-02-10 01:15:09,2,,100,0,1,2025-02-10 01:15:09,R_0ulcZ5vBYeFjA4S,,,,,,,test,,1,7,6,7,3,7,6,2,1,2,5,5,0,,31,2,5,7,17217
2025-02-10 01:15:09,2025-02-10 01:15:09,2,,100,0,1,2025-02-10 01:15:09,R_5cl02rIY7NnBAB8,,,,,,,test,,1,4,3,2,1,,7,6,6,6,6,1,55,Egestas ac dolor! At. Luctus risus ridiculus? Diam consectetuer. Rutrum? Nulla euismod pretium fermentum nec.,53,6,2,4,41140
2025-02-10 01:15:09,2025-02-10 01:15:09,2,,100,0,1,2025-02-10 01:15:09,R_b4mSDYBYiN7Tv7M,,,,,,,test,,1,2,4,1,6,7,5,2,7,5,4,4,0,,91,1,1,6,29397
2025-02-10 01:15:09,2025-02-10 01:15:09,2,,100,0,1,2025-02-10 01:15:09,R_bPje2sz4KuGKntA,,,,,,,test,,1,4,7,2,6,6,1,4,7,1,3,3,1,,43,3,5,8,33572
2025-02-10 01:15:10,2025-02-10 01:15:10,2,,100,0,1,2025-02-10 01:15:10,R_6oqbF2aMmsf1mGa,,,,,,,test,,1,7,4,2,6,7,4,2,7,3,2,7,55,Proin aliquam amet fringilla pharetra eget luctus. Neque consectetuer ab justo primis natoque.,57,1,4,4,40184
2025-02-10 01:15:10,2025-02-10 01:15:10,2,,100,0,1,2025-02-10 01:15:10,R_3aZIK2WzDzBC5yC,,,,,,,test,,1,2,2,6,2,1,2,2,4,3,7,7,55,Tincidunt platea erat? Maecenas risus gravida. Eget amet arcu id tempora vel. Dignissim scelerisque.,19,5,4,5,21458
2025-02-10 01:15:10,2025-02-10 01:15:10,2,,100,0,1,2025-02-10 01:15:10,R_dnbGu3vAa2QVkH4,,,,,,,test,,1,4,1,7,2,7,2,3,3,3,4,7,99,,96,5,2,2,29890
2025-02-10 01:15:10,2025-02-10 01:15:10,2,,100,0,1,2025-02-10 01:15:10,R_7NwDURcrpZKTDU2,,,,,,,test,,1,6,3,6,5,,1,5,7,7,3,4,99,,56,6,1,1,33624
2025-02-10 01:15:10,2025-02-10 01:15:10,2,,100,0,1,2025-02-10 01:15:10,R_bvkWjAiOBNOccTk,,,,,,,test,,1,2,7,6,7,3,6,5,5,3,3,3,1,,32,2,5,6,42674
2025-02-10 01:15:10,2025-02-10 01:15:10,2,,100,0,1,2025-02-10 01:15:11,R_0HETKnXw69TlUyO,,,,,,,test,,1,4,3,6,2,1,5,2,6,3,6,5,99,,64,1,5,2,30869
2025-02-10 01:15:11,2025-02-10 01:15:11,2,,100,0,1,2025-02-10 01:15:11,R_bd4iTjcA3CX3geW,,,,,,,test,,1,1,2,2,7,7,4,4,5,7,1,4,99,,56,1,4,1,24108
2025-02-10 01:15:11,2025-02-10 01:15:11,2,,100,0,1,2025-02-10 01:15:11,R_78xQ6MqgyvaWCH4,,,,,,,test,,1,4,5,2,5,1,4,5,1,4,2,4,55,Integer! Tempus fermentum tortor justo imperdiet venenatis sapien elementum faucibus iaculis velit natoque mattis elementum.,45,2,3,4,38744
2025-02-10 01:15:11,2025-02-10 01:15:11,2,,100,0,1,2025-02-10 01:15:11,R_07IQSJPAn2aer1s,,,,,,,test,,1,6,7,1,1,2,5,5,7,1,4,4,99,,83,4,3,2,34050
2025-02-10 01:15:11,2025-02-10 01:15:11,2,,100,0,1,2025-02-10 01:15:11,R_02i2f5Ki2Ygz9Pg,,,,,,,test,,1,4,6,2,1,,4,4,4,2,5,3,99,,32,5,1,2,29114
2025-02-10 01:15:11,2025-02-10 01:15:11,2,,100,0,1,2025-02-10 01:15:11,R_9S4ZUeoXTbmyoZw,,,,,,,test,,1,6,7,6,7,3,7,7,1,7,5,6,1,,61,6,3,1,37974
2025-02-10 01:15:11,2025-02-10 01:15:11,2,,100,0,1,2025-02-10 01:15:11,R_enswZwaJdoiDXEO,,,,,,,test,,1,6,4,1,5,4,7,4,3,3,6,1,55,Aenean nonummy morbi nonummy suscipit auctor commodo etiam. Suscipit? Auctor. Enim! Donec! Integer. Diam in.,83,5,4,8,26124
2025-02-10 01:15:12,2025-02-10 01:15:12,2,,100,0,1,2025-02-10 01:15:12,R_bE4RY1ZLRykV4CW,,,,,,,test,,1,6,7,5,3,4,5,3,6,3,1,6,0,,69,1,3,3,14232
2025-02-10 01:15:12,2025-02-10 01:15:12,2,,100,0,1,2025-02-10 01:15:12,R_bw4j2Yj9Q21eRfw,,,,,,,test,,1,5,5,3,5,7,3,2,2,2,3,6,99,,84,2,3,3,31036
2025-02-10 01:15:12,2025-02-10 01:15:12,2,,100,0,1,2025-02-10 01:15:12,R_3xDlY2XphU9gENE,,,,,,,test,,1,4,6,7,7,,3,3,6,3,6,5,99,,366,3,5,7,32811
2025-02-10 01:15:12,2025-02-10 01:15:12,2,,100,0,1,2025-02-10 01:15:12,R_9ymkAVggQV7OO3Q,,,,,,,test,,1,2,3,1,2,6,2,7,1,6,1,6,55,Sed molestie a platea lorem nulla. Dolor metus lacus atque.,52,5,1,8,39944
2025-02-10 01:15:12,2025-02-10 01:15:12,2,,100,0,1,2025-02-10 01:15:12,R_5yAVThIGl7Lkrum,,,,,,,test,,1,6,5,2,2,4,2,6,5,7,4,6,55,"Est diam. Justo dolorem posuere aenean venenatis vehicula dapibus dictumst commodo? Gravida ut quam, facilisis.",21,1,3,2,28832
2025-02-10 01:15:12,2025-02-10 01:15:12,2,,100,0,1,2025-02-10 01:15:13,R_1FzMl72PwXu7cqO,,,,,,,test,,1,7,6,3,2,2,5,3,6,5,7,1,1,,48,4,2,6,16254
2025-02-10 01:15:13,2025-02-10 01:15:13,2,,100,0,1,2025-02-10 01:15:13,R_0jIvXfRvtvb8yaO,,,,,,,test,,1,6,5,4,5,1,3,2,6,7,6,7,99,,62,6,2,2,42222
2025-02-10 01:15:13,2025-02-10 01:15:13,2,,100,0,1,2025-02-10 01:15:13,R_cCmu5IM4jqvXh2u,,,,,,,test,,1,6,6,2,1,2,4,5,6,1,4,1,99,,90,4,3,6,43201
2025-02-10 01:15:13,2025-02-10 01:15:13,2,,100,0,1,2025-02-10 01:15:13,R_eqCqLZQYoeLPjzo,,,,,,,test,,1,3,2,6,1,,4,2,3,1,1,7,99,,56,5,3,4,22098
2025-02-10 01:15:13,2025-02-10 01:15:13,2,,100,0,1,2025-02-10 01:15:13,R_8djtZ46ajXyCdwO,,,,,,,test,,1,7,2,3,5,5,1,7,4,3,7,3,99,,82,1,2,4,33011
2025-02-10 01:15:13,2025-02-10 01:15:13,2,,100,0,1,2025-02-10 01:15:13,R_80Tfwia4lJEruvQ,,,,,,,test,,1,7,4,1,5,2,7,2,4,7,1,1,99,,100,3,4,3,43243
2025-02-10 01:15:13,2025-02-10 01:15:13,2,,100,0,1,2025-02-10 01:15:14,R_1MTAmNirOPX63lQ,,,,,,,test,,1,1,7,5,2,4,5,4,5,7,3,2,1,,103,3,5,7,26470
2025-02-10 01:15:14,2025-02-10 01:15:14,2,,100,0,1,2025-02-10 01:15:14,R_dhbhmS6w85EDdeS,,,,,,,test,,1,6,7,6,1,4,5,6,6,4,4,7,55,Facilisis dignissim nullam ligula eu cras sodales fusce. Facilisi velit ligula! Placerat placerat.,35,2,4,1,33070
2025-02-10 01:15:14,2025-02-10 01:15:14,2,,100,0,1,2025-02-10 01:15:14,R_cVbHYQ0SG202z78,,,,,,,test,,1,4,5,1,6,6,5,7,2,2,2,2,55,Nullam! Phasellus facilisis convallis ultricies integer turpis ac dignissim. Sed vulputate accumsan.,46,2,1,1,31648
2025-02-10 01:15:14,2025-02-10 01:15:14,2,,100,0,1,2025-02-10 01:15:14,R_1TvHgJwBeyUHwp0,,,,,,,test,,1,6,2,1,1,4,4,6,4,6,3,2,55,Purus cras. Sed massa in ligula ultrices tortor mi leo quis vehicula nullam.,45,4,4,2,37476
2025-02-10 01:15:14,2025-02-10 01:15:14,2,,100,0,1,2025-02-10 01:15:14,R_eXuzxaZMLP0i4PY,,,,,,,test,,1,1,2,1,7,3,6,2,5,6,7,5,0,,48,6,2,7,34188
2025-02-10 01:15:14,2025-02-10 01:15:14,2,,100,0,1,2025-02-10 01:15:14,R_eu4ciaD73HUbn0i,,,,,,,test,,1,6,1,5,1,3,3,2,7,4,2,4,1,,34,3,4,6,20723
2025-02-10 01:15:14,2025-02-10 01:15:14,2,,100,0,1,2025-02-10 01:15:15,R_8CC3h8XbSyC0dh4,,,,,,,test,,1,5,7,5,3,3,5,3,3,3,5,4,55,Integer dolorem facilisis non est. Ante elementum. Fermentum pede fringilla.,49,6,3,6,21752
2025-02-10 01:15:15,2025-02-10 01:15:15,2,,100,0,1,2025-02-10 01:15:15,R_4Vf94elmMkkvHFk,,,,,,,test,,1,6,7,3,1,1,2,7,5,1,6,4,99,,27,5,1,7,42955
2025-02-10 01:15:15,2025-02-10 01:15:15,2,,100,0,1,2025-02-10 01:15:15,R_2fpB3MQRBt8KHrg,,,,,,,test,,1,3,4,3,5,,6,3,1,2,2,7,1,,38,3,3,6,35162
2025-02-10 01:15:15,2025-02-10 01:15:15,2,,100,0,1,2025-02-10 01:15:15,R_88mc75rKdbWaX5A,,,,,,,test,,1,7,6,4,5,6,1,1,4,1,3,1,1,,35,1,4,3,19665
2025-02-10 01:15:15,2025-02-10 01:15:15,2,,100,0,1,2025-02-10 01:15:15,R_0CFLNh5h44y3MDY,,,,,,,test,,1,2,7,7,4,4,2,1,7,2,6,2,55,Etiam placerat vivamus in? Metus porta nulla enim quam egestas! Augue phasellus ipsum ut.,51,1,5,3,17339
2025-02-10 01:15:15,2025-02-10 01:15:15,2,,100,0,1,2025-02-10 01:15:15,R_eJ6O5knddtLJhPM,,,,,,,test,,1,1,3,3,7,4,2,6,6,2,6,4,99,,33,5,4,6,23755
2025-02-10 01:15:15,2025-02-10 01:15:15,2,,100,0,1,2025-02-10 01:15:16,R_cw3QZ9dLV9a7Xz8,,,,,,,test,,1,5,7,7,6,1,7,6,7,7,7,6,99,,18,2,3,2,32193
2025-02-10 01:15:16,2025-02-10 01:15:16,2,,100,0,1,2025-02-10 01:15:16,R_9Fjl01hWWst8J94,,,,,,,test,,1,7,6,2,6,5,1,2,3,6,4,6,1,,87,3,2,8,23362
2025-02-10 01:15:16,2025-02-10 01:15:16,2,,100,0,1,2025-02-10 01:15:16,R_eEG880gyNV693Om,,,,,,,test,,1,3,2,5,6,7,2,6,3,1,7,5,1,,90,3,2,4,29839
2025-02-10 01:15:16,2025-02-10 01:15:16,2,,100,0,1,2025-02-10 01:15:16,R_9sh3ISRwHyllFUq,,,,,,,test,,1,5,3,1,6,1,4,4,7,5,3,6,55,Cursus ridiculus. Nonummy. Fermentum? Fusce rhoncus ridiculus nibh felis. Ultrices tincidunt. Etiam.,104,4,4,5,28623
2025-02-10 01:15:16,2025-02-10 01:15:16,2,,100,0,1,2025-02-10 01:15:16,R_b9hPQx7UXNecZqm,,,,,,,test,,1,3,3,1,1,3,5,5,5,6,4,1,99,,47,2,2,7,31984
2025-02-10 01:15:16,2025-02-10 01:15:16,2,,100,0,1,2025-02-10 01:15:16,R_89fmZBIFBC6IOQm,,,,,,,test,,1,4,4,4,6,4,2,5,2,3,2,7,1,,65,2,4,3,40014
2025-02-10 01:15:16,2025-02-10 01:15:16,2,,100,0,1,2025-02-10 01:15:17,R_3KmzVufiyNaYTem,,,,,,,test,,1,6,7,5,5,4,4,2,2,7,7,7,99,,97,5,4,8,14761
2025-02-10 01:15:17,2025-02-10 01:15:17,2,,100,0,1,2025-02-10 01:15:17,R_3qThaOLb3xDUDNI,,,,,,,test,,1,7,3,3,7,4,4,3,5,1,1,3,1,,41,2,1,1,21369
2025-02-10 01:15:17,2025-02-10 01:15:17,2,,100,0,1,2025-02-10 01:15:17,R_dcffQ8IPYTwhskm,,,,,,,test,,1,2,7,4,5,6,5,1,1,7,7,6,0,,27,5,2,1,29690
2025-02-10 01:15:17,2025-02-10 01:15:17,2,,100,0,1,2025-02-10 01:15:17,R_exHRWf7J6AnYbOu,,,,,,,test,,1,4,3,6,2,2,4,1,1,5,4,6,1,,63,6,5,7,23112
2025-02-10 01:15:17,2025-02-10 01:15:17,2,,100,0,1,2025-02-10 01:15:17,R_6zCYXhcBf7OD1hc,,,,,,,test,,1,7,1,6,1,4,5,6,6,5,5,6,55,Elit nec pretium sodales tortor fringilla! Volutpat primis velit consequat.,55,3,5,1,22225
2025-02-10 01:15:17,2025-02-10 01:15:17,2,,100,0,1,2025-02-10 01:15:17,R_2bn1EWpf9vzVsjA,,,,,,,test,,1,2,3,2,7,2,1,7,2,2,5,2,99,,105,6,4,8,34624
2025-02-10 01:15:17,2025-02-10 01:15:18,2,,100,1,1,2025-02-10 01:15:18,R_8nRYJR9sz4pmip0,,,,,,,test,,1,5,5,3,5,6,5,2,6,1,4,4,1,,97,5,1,5,15996
2025-02-10 01:15:18,2025-02-10 01:15:18,2,,100,0,1,2025-02-10 01:15:18,R_54Gz9YARuorsgTk,,,,,,,test,,1,5,3,2,2,3,2,4,1,7,7,4,99,,64,1,3,3,24139
2025-02-10 01:15:18,2025-02-10 01:15:18,2,,100,0,1,2025-02-10 01:15:18,R_9uU0W6cxTZvekJw,,,,,,,test,,1,7,1,6,7,2,4,3,5,6,1,3,55,Bibendum aliquam massa magnis pellentesque tempor donec erat atque praesent facilisis. Orci.,101,1,1,6,19675
2025-02-10 01:15:18,2025-02-10 01:15:18,2,,100,0,1,2025-02-10 01:15:18,R_8BnlnTuzLlHWLhs,,,,,,,test,,1,7,4,3,7,4,7,2,7,6,5,2,55,Ab leo donec. Sed? Primis nec. Tempus nibh sed tortor massa sem.,40,6,5,8,26218
2025-02-10 01:15:18,2025-02-10 01:15:18,2,,100,0,1,2025-02-10 01:15:18,R_8019nCqHNGkRXPo,,,,,,,test,,1,4,3,1,6,6,4,2,2,2,4,7,55,"Sed odio dapibus, volutpat. Convallis per proin orci donec gravida culpa suscipit eleifend eros nunc.",33,4,4,7,37478
2025-02-10 01:15:18,2025-02-10 01:15:18,2,,100,0,1,2025-02-10 01:15:18,R_6u4UKsawHsqhyzs,,,,,,,test,,1,3,3,1,1,7,5,5,4,5,1,1,0,,105,2,5,7,19233
2025-02-10 01:15:19,2025-02-10 01:15:19,2,,100,0,1,2025-02-10 01:15:19,R_737wtmE8D0sjtBA,,,,,,,test,,1,7,5,7,5,7,5,6,1,7,4,3,1,,80,4,5,3,23018
2025-02-10 01:15:19,2025-02-10 01:15:19,2,,100,0,1,2025-02-10 01:15:19,R_cOVogzOjmqcUgyW,,,,,,,test,,1,6,5,2,1,6,2,7,7,3,3,6,0,,22,6,5,7,17931
2025-02-10 01:15:19,2025-02-10 01:15:19,2,,100,0,1,2025-02-10 01:15:19,R_9zbWN9DUWealn9Q,,,,,,,test,,1,5,1,3,4,2,2,7,4,6,1,6,99,,100,4,2,5,16858
2025-02-10 01:15:19,2025-02-10 01:15:19,2,,100,0,1,2025-02-10 01:15:19,R_czKbKsSoHPDEwyG,,,,,,,test,,1,7,7,3,5,3,6,7,3,7,2,7,1,,81,4,5,5,20756
2025-02-10 01:15:19,2025-02-10 01:15:19,2,,100,0,1,2025-02-10 01:15:19,R_bxSWxRzIwJIxfBI,,,,,,,test,,1,1,2,3,4,2,1,6,4,1,2,5,99,,83,3,3,6,36574
2025-02-10 01:15:19,2025-02-10 01:15:19,2,,100,0,1,2025-02-10 01:15:19,R_emmhbq5biQ13xXM,,,,,,,test,,1,7,3,7,1,3,6,3,4,2,2,6,1,,58,2,2,3,31072
2025-02-10 01:15:20,2025-02-10 01:15:20,2,,100,0,1,2025-02-10 01:15:20,R_40y7s7gAfxZ9hJA,,,,,,,test,,1,2,3,2,2,6,2,7,2,4,6,7,99,,56,6,2,4,30826
2025-02-10 01:15:20,2025-02-10 01:15:20,2,,100,0,1,2025-02-10 01:15:20,R_9oyf5kEqZls03VY,,,,,,,test,,1,4,5,5,1,7,6,7,2,7,6,5,55,"Curabitur posuere. Mattis ante ab dui mattis metus ut vehicula risus erat, commodo turpis.",30,3,5,2,19090
2025-02-10 01:15:20,2025-02-10 01:15:20,2,,100,0,1,2025-02-10 01:15:20,R_diNqxhOa2FH8odw,,,,,,,test,,1,3,2,3,5,2,6,2,1,5,4,4,55,Molestie pede suspendisse nec? Etiam. Eget amet rhoncus sollicitudin maecenas.,32,6,3,6,37984
2025-02-10 01:15:20,2025-02-10 01:15:20,2,,100,0,1,2025-02-10 01:15:20,R_3CO3cxP7dW7j08K,,,,,,,test,,1,6,2,1,4,5,7,5,7,4,6,4,0,,69,4,3,1,41042
2025-02-10 01:15:20,2025-02-10 01:15:20,2,,100,0,1,2025-02-10 01:15:20,R_aV4mAjZgUfMJKFo,,,,,,,test,,1,7,2,1,3,5,6,6,6,7,7,2,55,Arcu pellentesque fusce sapien. Nullam iaculis dui placerat pellentesque aenean tempus quam fermentum pellentesque.,21,4,5,2,13628
2025-02-10 01:15:20,2025-02-10 01:15:20,2,,100,0,1,2025-02-10 01:15:20,R_4HMOuZOjouy1Kg6,,,,,,,test,,1,1,4,1,3,2,6,1,7,3,2,7,99,,104,5,2,1,22634
2025-02-10 01:15:20,2025-02-10 01:15:21,2,,100,1,1,2025-02-10 01:15:21,R_5cKLOxg57Fc7LBs,,,,,,,test,,1,1,5,6,7,1,4,6,5,3,1,5,0,,21,2,2,6,36711
2025-02-10 01:15:21,2025-02-10 01:15:21,2,,100,0,1,2025-02-10 01:15:21,R_3PfbCdsKm65Zq3I,,,,,,,test,,1,2,6,4,7,6,6,4,5,3,3,4,0,,84,3,4,4,18977
2025-02-10 01:15:21,2025-02-10 01:15:21,2,,100,0,1,2025-02-10 01:15:21,R_81bfvAUlf5pVbg2,,,,,,,test,,1,3,1,6,3,6,6,7,2,3,1,3,99,,58,6,3,8,40585
2025-02-10 01:15:21,2025-02-10 01:15:21,2,,100,0,1,2025-02-10 01:15:21,R_3fJz2Jl65UhqL9c,,,,,,,test,,1,7,1,4,7,2,6,7,3,3,2,4,1,,23,5,2,8,26152
2025-02-10 01:15:21,2025-02-10 01:15:21,2,,100,0,1,2025-02-10 01:15:21,R_bJc9bhVL13gMTfo,,,,,,,test,,1,7,6,3,5,2,5,3,3,7,4,5,55,"Tempus, venenatis rhoncus enim. Interdum velit. Ante dolorem sagittis dapibus erat! Quis a ultrices.",51,6,4,2,28131
2025-02-10 01:15:21,2025-02-10 01:15:21,2,,100,0,1,2025-02-10 01:15:21,R_4VH3GOmz1ksfUt8,,,,,,,test,,1,2,4,4,7,4,2,4,1,4,1,1,1,,63,2,5,8,20982
2025-02-10 01:15:22,2025-02-10 01:15:22,2,,100,0,1,2025-02-10 01:15:22,R_9mZdL1c6jvlM1UO,,,,,,,test,,1,2,6,5,2,6,6,4,1,1,1,5,1,,84,3,2,7,19035
2025-02-10 01:15:22,2025-02-10 01:15:22,2,,100,0,1,2025-02-10 01:15:22,R_6VTOdXxlOCqp2Xc,,,,,,,test,,1,1,6,2,7,3,4,3,5,6,3,7,0,,34,5,1,6,18825
2025-02-10 01:15:22,2025-02-10 01:15:22,2,,100,0,1,2025-02-10 01:15:22,R_4VFAe5F74L4U9hk,,,,,,,test,,1,5,3,6,5,4,1,5,6,5,3,6,99,,31,3,2,1,36161
2025-02-10 01:15:22,2025-02-10 01:15:22,2,,100,0,1,2025-02-10 01:15:22,R_bwlQDn2WfpE3SYe,,,,,,,test,,1,2,7,5,7,1,3,3,4,6,6,5,0,,96,5,2,1,26158
2025-02-10 01:15:22,2025-02-10 01:15:22,2,,100,0,1,2025-02-10 01:15:22,R_4GYHaLKRGIENFqe,,,,,,,test,,1,6,3,2,4,5,3,2,3,3,7,5,0,,49,3,2,7,13646
2025-02-10 01:15:22,2025-02-10 01:15:22,2,,100,0,1,2025-02-10 01:15:23,R_9tsaHrEzk4m7NmS,,,,,,,test,,1,4,3,5,5,3,6,3,7,2,2,6,99,,60,4,5,3,26696
2025-02-10 01:15:23,2025-02-10 01:15:23,2,,100,0,1,2025-02-10 01:15:23,R_6s4B0uiG48fSfB4,,,,,,,test,,1,3,6,4,6,1,3,2,1,5,7,5,0,,88,1,1,5,18179
2025-02-10 01:15:23,2025-02-10 01:15:23,2,,100,0,1,2025-02-10 01:15:23,R_7aO36wHT5fjBKwm,,,,,,,test,,1,6,6,5,6,2,1,2,7,7,5,6,99,,59,5,3,4,33569
2025-02-10 01:15:23,2025-02-10 01:15:23,2,,100,0,1,2025-02-10 01:15:23,R_6gnLQdeXFZ9Zaey,,,,,,,test,,1,7,3,3,4,5,3,3,1,6,1,3,99,,18,5,4,4,24014
2025-02-10 01:15:23,2025-02-10 01:15:23,2,,100,0,1,2025-02-10 01:15:23,R_7Vt35NEqYvCCNTg,,,,,,,test,,1,3,6,6,7,1,6,6,1,2,3,5,55,"Vel tincidunt rhoncus ultrices, montes risus ultrices! Sed ipsum accusamus quam venenatis lectus mattis.",21,3,5,6,28865
2025-02-10 01:15:23,2025-02-10 01:15:23,2,,100,0,1,2025-02-10 01:15:23,R_6StjQGZ5kC6vdpc,,,,,,,test,,1,7,2,2,4,7,5,1,2,7,6,5,99,,46,6,2,1,19454
2025-02-10 01:15:23,2025-02-10 01:15:23,2,,100,0,1,2025-02-10 01:15:24,R_3IrVfnWMFxrELxI,,,,,,,test,,1,6,1,5,4,7,5,3,5,4,4,4,1,,50,4,5,8,34893
2025-02-10 01:15:24,2025-02-10 01:15:24,2,,100,0,1,2025-02-10 01:15:24,R_9ZWlAXcASSWvsUe,,,,,,,test,,1,6,6,6,2,2,6,6,6,7,5,1,1,,78,2,3,1,35509
2025-02-10 01:15:24,2025-02-10 01:15:24,2,,100,0,1,2025-02-10 01:15:24,R_0GH0z5uYdBnFRAy,,,,,,,test,,1,6,7,2,2,6,7,6,3,4,1,5,1,,86,5,5,7,29282
2025-02-10 01:15:24,2025-02-10 01:15:24,2,,100,0,1,2025-02-10 01:15:24,R_5gvIF4l3X1kXQSa,,,,,,,test,,1,2,1,6,6,7,5,5,4,5,3,1,55,Vitae? Cursus mi gravida! Morbi lectus nonummy. Imperdiet mi quam consequat.,67,6,2,7,33989
2025-02-10 01:15:24,2025-02-10 01:15:24,2,,100,0,1,2025-02-10 01:15:24,R_9AY3NGTlpd0NsCW,,,,,,,test,,1,5,7,2,1,5,1,4,1,4,4,6,1,,39,2,1,8,14664
2025-02-10 01:15:24,2025-02-10 01:15:24,2,,100,0,1,2025-02-10 01:15:24,R_0pv6r1Re5e2Q2ii,,,,,,,test,,1,1,3,7,6,3,7,1,4,7,2,5,99,,68,1,4,2,28465
2025-02-10 01:15:24,2025-02-10 01:15:24,2,,100,0,1,2025-02-10 01:15:25,R_7anK9ZS21xqVYTY,,,,,,,test,,1,4,6,4,4,6,7,6,4,7,5,2,55,"Ligula viverra orci, wisi nibh turpis. Tortor, nulla et temporibus auctor fringilla risus commodo.",44,5,4,3,24774
2025-02-10 01:15:25,2025-02-10 01:15:25,2,,100,0,1,2025-02-10 01:15:25,R_3a4IFB0wx8jf1qK,,,,,,,test,,1,1,4,3,7,1,7,4,4,6,2,5,99,,101,6,4,1,37471
2025-02-10 01:15:25,2025-02-10 01:15:25,2,,100,0,1,2025-02-10 01:15:25,R_7NUNMULQqOSh05E,,,,,,,test,,1,7,4,2,4,7,6,5,3,3,1,2,55,Ipsum faucibus quis montes porttitor sit. Sagittis! Platea montes dignissim vehicula. Consequat temporibus egestas turpis.,46,3,4,5,28188
2025-02-10 01:15:25,2025-02-10 01:15:25,2,,100,0,1,2025-02-10 01:15:25,R_cI6JEymUIU0FN42,,,,,,,test,,1,3,2,1,6,7,7,3,1,2,5,1,1,,101,3,2,1,36331
2025-02-10 01:15:25,2025-02-10 01:15:25,2,,100,0,1,2025-02-10 01:15:25,R_6hti7IY9eGAH82O,,,,,,,test,,1,5,2,2,1,6,6,4,6,2,1,4,99,,80,1,4,8,25472
2025-02-10 01:15:25,2025-02-10 01:15:25,2,,100,0,1,2025-02-10 01:15:25,R_3mZ51ghPqG5C2zk,,,,,,,test,,1,4,3,5,4,6,5,4,3,1,2,3,55,Nonummy temporibus luctus euismod suspendisse morbi suspendisse lorem dolor vivamus. Porta.,73,2,4,8,35495
2025-02-10 01:15:25,2025-02-10 01:15:25,2,,100,0,1,2025-02-10 01:15:26,R_3ee37222HzyPqBM,,,,,,,test,,1,4,4,4,5,3,4,7,6,5,3,7,1,,31,4,2,1,19694
2025-02-10 01:15:26,2025-02-10 01:15:26,2,,100,0,1,2025-02-10 01:15:26,R_0k9dIEhXT9oz2AK,,,,,,,test,,1,6,4,6,4,7,3,1,2,3,4,3,0,,59,5,4,6,19324
2025-02-10 01:15:26,2025-02-10 01:15:26,2,,100,0,1,2025-02-10 01:15:26,R_6sxHoApt6ANfB7o,,,,,,,test,,1,5,7,7,4,6,6,1,4,5,3,3,1,,24,1,2,1,38964
2025-02-10 01:15:26,2025-02-10 01:15:26,2,,100,0,1,2025-02-10 01:15:26,R_6mwZx4CYoBudYUu,,,,,,,test,,1,5,6,6,2,2,2,1,1,5,6,3,0,,76,5,1,7,31916
2025-02-10 01:15:26,2025-02-10 01:15:26,2,,100,0,1,2025-02-10 01:15:26,R_4T5RXFqHEAxZdWe,,,,,,,test,,1,1,3,1,2,4,6,2,5,5,1,4,1,,67,5,5,7,34097
2025-02-10 01:15:26,2025-02-10 01:15:26,2,,100,0,1,2025-02-10 01:15:26,R_8j4dqeOOgl2mzJQ,,,,,,,test,,1,4,7,7,1,6,4,3,2,7,3,4,55,"Dolor. Leo tincidunt ridiculus elementum sagittis commodo, amet sed vivamus turpis.",53,6,4,6,19676
2025-02-10 01:15:27,2025-02-10 01:15:27,2,,100,0,1,2025-02-10 01:15:27,R_55BDYO2q7rKXfo2,,,,,,,test,,1,4,2,3,5,1,5,6,1,3,5,4,0,,96,3,5,5,29777
2025-02-10 01:15:27,2025-02-10 01:15:27,2,,100,0,1,2025-02-10 01:15:27,R_9uJ70frn4dmpZ0a,,,,,,,test,,1,2,3,4,3,5,2,4,7,7,2,7,0,,95,1,5,7,14251
2025-02-10 01:15:27,2025-02-10 01:15:27,2,,100,0,1,2025-02-10 01:15:27,R_5iQl3yTRGnIk7l4,,,,,,,test,,1,4,3,1,5,1,7,1,2,7,5,5,99,,79,6,2,8,15711
2025-02-10 01:15:27,2025-02-10 01:15:27,2,,100,0,1,2025-02-10 01:15:27,R_398wqMGJWSSysiq,,,,,,,test,,1,2,4,5,1,6,2,2,2,1,2,7,1,,88,5,2,3,33256
2025-02-10 01:15:27,2025-02-10 01:15:27,2,,100,0,1,2025-02-10 01:15:27,R_8IJEhoaZsKqik1o,,,,,,,test,,1,1,5,5,7,3,2,5,6,3,4,6,0,,24,1,3,5,15282
2025-02-10 01:15:27,2025-02-10 01:15:27,2,,100,0,1,2025-02-10 01:15:27,R_a8FTQDwuUs9wdOm,,,,,,,test,,1,6,5,2,4,3,3,5,7,1,7,6,55,Aenean. Ridiculus accusamus magna ullamcorper nulla metus nunc pede id! Facilisi.,63,6,3,6,37266
2025-02-10 01:15:28,2025-02-10 01:15:28,2,,100,0,1,2025-02-10 01:15:28,R_6ij2m7uFGpZWfhY,,,,,,,test,,1,6,1,1,5,4,7,2,2,4,1,1,1,,37,3,5,7,39060
2025-02-10 01:15:28,2025-02-10 01:15:28,2,,100,0,1,2025-02-10 01:15:28,R_1FWZZy70N774rP0,,,,,,,test,,1,1,4,2,2,2,3,1,1,1,1,6,99,,27,4,5,6,20758
2025-02-10 01:15:28,2025-02-10 01:15:28,2,,100,0,1,2025-02-10 01:15:28,R_7V9IW62IdtEnV8W,,,,,,,test,,1,7,2,2,2,4,6,5,1,3,4,5,55,"Fusce tempor pharetra posuere, elit purus euismod, egestas cursus eget vehicula vel.",103,2,5,5,34267
2025-02-10 01:15:28,2025-02-10 01:15:28,2,,100,0,1,2025-02-10 01:15:28,R_4HZQLOPLEALQA6y,,,,,,,test,,1,3,2,3,7,5,5,2,4,3,4,6,99,,95,6,4,1,23755
2025-02-10 01:15:28,2025-02-10 01:15:28,2,,100,0,1,2025-02-10 01:15:28,R_bqhNJq2ht3RaFuK,,,,,,,test,,1,7,1,1,7,7,4,4,7,4,5,7,0,,42,6,3,2,35311
2025-02-10 01:15:28,2025-02-10 01:15:28,2,,100,0,1,2025-02-10 01:15:29,R_5vtJvrj6jvH3prg,,,,,,,test,,1,4,7,5,4,6,2,4,7,2,3,2,55,Culpa? Aliquet wisi imperdiet! Nunc id! Accumsan eleifend accumsan molestie pharetra.,60,3,2,3,37879
2025-02-10 01:15:29,2025-02-10 01:15:29,2,,100,0,1,2025-02-10 01:15:29,R_0uJNXv9tSIaITsi,,,,,,,test,,1,7,5,7,4,4,5,1,4,7,3,2,99,,31,1,4,8,22349
2025-02-10 01:15:29,2025-02-10 01:15:29,2,,100,0,1,2025-02-10 01:15:29,R_cAeXD7HWALtpkB8,,,,,,,test,,1,4,1,2,2,6,2,4,4,2,3,1,55,Cursus fermentum dictumst iaculis wisi wisi arcu magna convallis luctus orci a pede eros.,39,3,1,6,42667
2025-02-10 01:15:29,2025-02-10 01:15:29,2,,100,0,1,2025-02-10 01:15:29,R_czJitRYz3u8wVLM,,,,,,,test,,1,7,2,1,2,6,6,7,2,4,1,3,99,,90,6,2,2,43346
2025-02-10 01:15:29,2025-02-10 01:15:29,2,,100,0,1,2025-02-10 01:15:29,R_0OleBLKDcba1C0C,,,,,,,test,,1,5,3,4,6,5,4,1,3,4,5,2,1,,45,3,5,8,36831
2025-02-10 01:15:29,2025-02-10 01:15:29,2,,100,0,1,2025-02-10 01:15:29,R_9tVTNAx5hHanRXg,,,,,,,test,,1,2,5,5,6,7,7,6,5,3,2,6,55,Erat? A consectetuer laoreet scelerisque dapibus. Amet. Ligula phasellus et eleifend.,40,5,1,5,26092
2025-02-10 01:15:29,2025-02-10 01:15:30,2,,100,1,1,2025-02-10 01:15:30,R_em1ny2J6VH9TQAS,,,,,,,test,,1,2,5,3,4,5,3,1,7,6,1,7,55,Mauris justo vestibulum sed aenean. Blandit dolor ultricies. Purus quis.,104,5,2,3,30567
2025-02-10 01:15:30,2025-02-10 01:15:30,2,,100,0,1,2025-02-10 01:15:30,R_9KPOAM8DaqTlCOW,,,,,,,test,,1,1,5,5,7,6,1,4,2,4,1,6,99,,366,4,5,4,16906
2025-02-10 01:15:30,2025-02-10 01:15:30,2,,100,0,1,2025-02-10 01:15:30,R_8oln07Eh6CHtIA6,,,,,,,test,,1,7,4,1,6,6,4,4,2,3,3,2,55,"Commodo. Bibendum non primis! Blandit faucibus, ut risus dolorem integer maecenas? Proin.",85,5,5,8,29270
2025-02-10 01:15:30,2025-02-10 01:15:30,2,,100,0,1,2025-02-10 01:15:30,R_4ZQ9Q8B8FcWsNhk,,,,,,,test,,1,3,5,4,7,2,5,6,3,7,1,6,55,Tellus sodales luctus. Amet erat placerat tempus metus nulla ipsum temporibus bibendum.,60,4,5,8,33891
2025-02-10 01:15:30,2025-02-10 01:15:30,2,,100,0,1,2025-02-10 01:15:30,R_d4Keko9PKvVcAU6,,,,,,,test,,1,5,7,7,4,6,3,3,6,7,6,6,0,,71,1,4,5,16209
2025-02-10 01:15:30,2025-02-10 01:15:30,2,,100,0,1,2025-02-10 01:15:30,R_3xsZScthjdGyEzI,,,,,,,test,,1,7,7,6,3,6,3,4,2,2,5,2,1,,69,2,1,4,17536
2025-02-10 01:15:31,2025-02-10 01:15:31,2,,100,0,1,2025-02-10 01:15:31,R_6KfWdiCAnshUjDE,,,,,,,test,,1,4,7,5,1,2,5,5,1,1,2,7,55,Mauris lectus enim aliquam. Elementum eget commodo viverra temporibus ante pharetra elementum.,84,3,2,4,16782
2025-02-10 01:15:31,2025-02-10 01:15:31,2,,100,0,1,2025-02-10 01:15:31,R_85KPIfkS8f04Ake,,,,,,,test,,1,5,2,7,3,6,6,2,6,2,2,1,0,,82,3,1,8,36389
2025-02-10 01:15:31,2025-02-10 01:15:31,2,,100,0,1,2025-02-10 01:15:31,R_9M2j9pnHBzoMXFY,,,,,,,test,,1,2,3,1,3,6,3,4,5,7,6,2,0,,45,3,2,7,33880
2025-02-10 01:15:31,2025-02-10 01:15:31,2,,100,0,1,2025-02-10 01:15:31,R_3WuDzY8s7G5lLDw,,,,,,,test,,1,6,7,1,3,2,6,7,4,7,6,3,1,,97,6,2,4,16324
2025-02-10 01:15:31,2025-02-10 01:15:31,2,,100,0,1,2025-02-10 01:15:31,R_cPkPRveFEqL7UUe,,,,,,,test,,1,6,5,3,3,3,1,7,5,3,6,5,99,,93,4,2,8,28782
2025-02-10 01:15:31,2025-02-10 01:15:31,2,,100,0,1,2025-02-10 01:15:31,R_2owiSMWjfwpGeMu,,,,,,,test,,1,5,2,3,2,4,2,6,2,6,6,7,55,"Atque amet magnis vehicula eleifend ab! Erat euismod. Ridiculus? Potenti, placerat mauris montes? Lectus.",62,6,5,5,37505
2025-02-10 01:15:32,2025-02-10 01:15:32,2,,100,0,1,2025-02-10 01:15:32,R_etgqWrb6QU0gfMq,,,,,,,test,,1,4,5,7,6,7,3,4,6,5,3,7,99,,87,3,1,2,34257
2025-02-10 01:15:32,2025-02-10 01:15:32,2,,100,0,1,2025-02-10 01:15:32,R_9TxFthFFd5lRZQy,,,,,,,test,,1,6,3,6,4,2,4,4,6,3,1,2,55,"Potenti consectetuer, atque maecenas eget urna! Rutrum, magnis amet! Auctor.",68,4,2,5,21309
2025-02-10 01:15:32,2025-02-10 01:15:32,2,,100,0,1,2025-02-10 01:15:32,R_a9jvHldm9qt1VjM,,,,,,,test,,1,7,2,4,7,1,5,2,3,6,4,4,0,,73,4,3,8,29358
2025-02-10 01:15:32,2025-02-10 01:15:32,2,,100,0,1,2025-02-10 01:15:32,R_3xDuuY0Ao9CsljE,,,,,,,test,,1,1,2,4,3,6,7,3,4,4,2,3,99,,40,6,4,7,22557
2025-02-10 01:15:32,2025-02-10 01:15:32,2,,100,0,1,2025-02-10 01:15:32,R_0whpLE2K1VhSI9o,,,,,,,test,,1,1,5,6,1,3,4,1,7,5,2,4,55,"Primis odio pede laoreet. Sodales, magna dignissim nibh convallis est dolor.",34,5,1,1,40862
2025-02-10 01:15:32,2025-02-10 01:15:32,2,,100,0,1,2025-02-10 01:15:33,R_3vGd8CFtXoOycVE,,,,,,,test,,1,5,4,6,7,6,1,1,1,4,3,6,99,,97,2,1,8,28081
2025-02-10 01:15:33,2025-02-10 01:15:33,2,,100,0,1,2025-02-10 01:15:33,R_6R31pTVEuoIRwi2,,,,,,,test,,1,4,6,4,3,7,7,3,2,5,4,7,0,,64,5,5,8,23929
2025-02-10 01:15:33,2025-02-10 01:15:33,2,,100,0,1,2025-02-10 01:15:33,R_1XjgmvWT26dzMIm,,,,,,,test,,1,4,3,7,3,5,3,1,4,4,7,3,55,"Purus! Sit? Dolorem euismod curabitur ultrices pede quis praesent fermentum! Sollicitudin vestibulum, mattis arcu.",59,2,5,1,20237
2025-02-10 01:15:33,2025-02-10 01:15:33,2,,100,0,1,2025-02-10 01:15:33,R_3I7pcBPFBovrRfE,,,,,,,test,,1,5,4,4,6,3,5,7,6,1,2,4,0,,18,1,1,8,28191
2025-02-10 01:15:33,2025-02-10 01:15:33,2,,100,0,1,2025-02-10 01:15:33,R_0Ur2Wedg4YtRKxo,,,,,,,test,,1,7,6,3,2,1,5,1,3,3,2,4,55,Magnis erat nonummy per! Justo praesent viverra praesent tempor augue aliquet potenti.,39,5,2,4,30239
2025-02-10 01:15:33,2025-02-10 01:15:33,2,,100,0,1,2025-02-10 01:15:33,R_9KV7ivgSPQ8Zrhk,,,,,,,test,,1,1,2,6,6,7,1,3,2,6,6,6,0,,69,6,4,1,20274
2025-02-10 01:15:33,2025-02-10 01:15:33,2,,100,0,1,2025-02-10 01:15:34,R_dlZRSzJS832IFyS,,,,,,,test,,1,1,4,4,3,2,6,1,6,6,1,1,1,,39,4,5,8,21816
2025-02-10 01:15:34,2025-02-10 01:15:34,2,,100,0,1,2025-02-10 01:15:34,R_8e60h8WhfexDvUi,,,,,,,test,,1,3,2,4,7,4,7,5,4,5,1,3,99,,84,5,5,6,19076
2025-02-10 01:15:34,2025-02-10 01:15:34,2,,100,0,1,2025-02-10 01:15:34,R_0TIzJGKIGs3sn3g,,,,,,,test,,1,1,2,4,7,3,2,2,7,3,3,5,0,,97,5,3,3,35078
2025-02-10 01:15:34,2025-02-10 01:15:34,2,,100,0,1,2025-02-10 01:15:34,R_1z88KnntJt2vlsi,,,,,,,test,,1,1,5,1,6,3,7,2,6,1,6,4,99,,69,5,2,4,39354
2025-02-10 01:15:34,2025-02-10 01:15:34,2,,100,0,1,2025-02-10 01:15:34,R_eOGidmMASbM3yg6,,,,,,,test,,1,5,6,3,5,7,7,2,7,5,2,5,1,,74,4,4,8,28894
2025-02-10 01:15:34,2025-02-10 01:15:34,2,,100,0,1,2025-02-10 01:15:34,R_1G1KyjTL3ExDaKi,,,,,,,test,,1,4,1,1,6,3,3,5,3,4,7,2,99,,67,1,2,2,14095
2025-02-10 01:15:34,2025-02-10 01:15:34,2,,100,0,1,2025-02-10 01:15:35,R_9H7KNgbFiC0Ly0C,,,,,,,test,,1,4,3,5,4,5,6,5,6,4,4,1,99,,56,5,4,5,18097
2025-02-10 01:15:35,2025-02-10 01:15:35,2,,100,0,1,2025-02-10 01:15:35,R_7aJ1SqNvs3Bg4qG,,,,,,,test,,1,3,5,7,3,1,3,7,5,4,7,2,99,,105,3,5,2,40284
2025-02-10 01:15:35,2025-02-10 01:15:35,2,,100,0,1,2025-02-10 01:15:35,R_beEqHkzxn1Fs6iO,,,,,,,test,,1,4,1,2,5,4,3,5,5,4,3,3,1,,19,2,4,5,26040
2025-02-10 01:15:35,2025-02-10 01:15:35,2,,100,0,1,2025-02-10 01:15:35,R_3K988HtMNb3bNVI,,,,,,,test,,1,4,5,2,1,7,7,2,6,5,5,2,0,,99,4,5,8,27675
2025-02-10 01:15:35,2025-02-10 01:15:35,2,,100,0,1,2025-02-10 01:15:35,R_8uJOAY4sQO7vNLo,,,,,,,test,,1,3,1,1,4,7,2,6,2,5,7,3,0,,63,2,2,1,14625
2025-02-10 01:15:35,2025-02-10 01:15:35,2,,100,0,1,2025-02-10 01:15:35,R_7825NmQFwCsi89U,,,,,,,test,,1,7,5,5,6,3,7,5,1,3,2,6,55,Fringilla eu id turpis. Justo? Morbi. Fusce porta ligula tempus sollicitudin? Lectus.,102,6,2,8,26966
2025-02-10 01:15:35,2025-02-10 01:15:35,2,,100,0,1,2025-02-10 01:15:36,R_02Ea30nO2SsqYR0,,,,,,,test,,1,4,7,6,5,7,2,7,1,6,7,5,55,Turpis primis vivamus pede ab at molestie phasellus? Mauris! Sed posuere. Natoque. Aliquet.,24,1,4,5,38277
2025-02-10 01:15:36,2025-02-10 01:15:36,2,,100,0,1,2025-02-10 01:15:36,R_3ltNwvSVHudMXQy,,,,,,,test,,1,5,1,2,4,6,5,6,4,4,1,5,1,,52,5,4,4,33171
2025-02-10 01:15:36,2025-02-10 01:15:36,2,,100,0,1,2025-02-10 01:15:36,R_6AtuRNtPClvosqG,,,,,,,test,,1,3,1,6,6,2,6,5,1,7,1,6,99,,57,1,3,1,29162
2025-02-10 01:15:36,2025-02-10 01:15:36,2,,100,0,1,2025-02-10 01:15:36,R_bg5gBDTUHV7Ceyy,,,,,,,test,,1,6,4,6,6,1,7,4,7,7,1,1,99,,64,5,5,4,35257
2025-02-10 01:15:36,2025-02-10 01:15:36,2,,100,0,1,2025-02-10 01:15:36,R_8Hc24uAzFU4nsEe,,,,,,,test,,1,6,2,3,5,3,3,2,7,1,1,2,0,,94,5,5,2,34773
2025-02-10 01:15:36,2025-02-10 01:15:36,2,,100,0,1,2025-02-10 01:15:36,R_eeWqv73HS9hrJf8,,,,,,,test,,1,3,5,6,4,3,7,4,2,6,7,4,55,Erat ridiculus culpa? Sed mattis suscipit! Vitae fermentum magna consectetuer? Volutpat vel.,69,1,5,3,37224
2025-02-10 01:15:36,2025-02-10 01:15:36,2,,100,0,1,2025-02-10 01:15:37,R_0e01NpyzA1tvLTM,,,,,,,test,,1,4,2,7,4,2,5,2,4,5,2,3,99,,48,6,4,1,38563
2025-02-10 01:15:37,2025-02-10 01:15:37,2,,100,0,1,2025-02-10 01:15:37,R_9GCEF9oRBeh6v4y,,,,,,,test,,1,3,3,1,5,4,6,3,6,3,5,1,99,,72,6,2,5,16253
2025-02-10 01:15:37,2025-02-10 01:15:37,2,,100,0,1,2025-02-10 01:15:37,R_bQHBdTqcEXZzlQO,,,,,,,test,,1,2,3,1,5,4,7,1,7,5,7,5,1,,50,3,3,8,16992
2025-02-10 01:15:37,2025-02-10 01:15:37,2,,100,0,1,2025-02-10 01:15:37,R_6LhVX9Mxbz785lY,,,,,,,test,,1,1,1,6,6,5,1,5,5,6,7,5,99,,26,5,1,5,31670
2025-02-10 01:15:37,2025-02-10 01:15:37,2,,100,0,1,2025-02-10 01:15:37,R_9XFNOE9mgxrzo2y,,,,,,,test,,1,5,5,2,4,3,6,5,2,5,6,5,1,,98,3,2,3,24037
2025-02-10 01:15:37,2025-02-10 01:15:37,2,,100,0,1,2025-02-10 01:15:37,R_0IgMfoTnnbbVIVM,,,,,,,test,,1,2,4,3,6,3,2,2,7,4,7,3,99,,92,3,4,1,20288
2025-02-10 01:15:38,2025-02-10 01:15:38,2,,100,0,1,2025-02-10 01:15:38,R_ehTe2osEMkZXF1s,,,,,,,test,,1,4,1,1,3,5,4,3,7,7,3,4,1,,45,6,2,6,35118
2025-02-10 01:15:38,2025-02-10 01:15:38,2,,100,0,1,2025-02-10 01:15:38,R_6YaeqENukw6mLVY,,,,,,,test,,1,4,4,6,2,7,3,1,6,7,6,3,99,,58,2,2,7,21157
2025-02-10 01:15:38,2025-02-10 01:15:38,2,,100,0,1,2025-02-10 01:15:38,R_5v80G9GDmfJf5Vs,,,,,,,test,,1,1,3,5,7,4,3,6,7,1,6,7,1,,22,1,1,4,22488
2025-02-10 01:15:38,2025-02-10 01:15:38,2,,100,0,1,2025-02-10 01:15:38,R_01ZBBCdWZtl09P8,,,,,,,test,,1,7,3,1,6,6,2,2,3,3,3,5,0,,25,6,2,6,22423
2025-02-10 01:15:38,2025-02-10 01:15:38,2,,100,0,1,2025-02-10 01:15:38,R_bpvKc8ZuqQ6sHlQ,,,,,,,test,,1,4,7,4,3,1,7,2,2,7,1,3,0,,104,5,5,6,22890
2025-02-10 01:15:38,2025-02-10 01:15:38,2,,100,0,1,2025-02-10 01:15:38,R_doty3FuFtlGKub4,,,,,,,test,,1,1,4,1,3,2,5,4,5,6,6,3,99,,47,6,5,2,28448
2025-02-10 01:15:38,2025-02-10 01:15:39,2,,100,1,1,2025-02-10 01:15:39,R_4T06lJZRZpsMBgy,,,,,,,test,,1,2,4,1,4,1,3,2,7,5,4,3,99,,73,4,2,5,27523
2025-02-10 01:15:39,2025-02-10 01:15:39,2,,100,0,1,2025-02-10 01:15:39,R_0rHxaiGk0vEJFzw,,,,,,,test,,1,7,6,6,5,3,5,5,6,1,7,2,0,,37,5,4,7,15429
2025-02-10 01:15:39,2025-02-10 01:15:39,2,,100,0,1,2025-02-10 01:15:39,R_41qsQolSiLQI6wu,,,,,,,test,,1,5,4,7,5,4,6,7,4,1,7,4,0,,25,2,5,6,23434
2025-02-10 01:15:39,2025-02-10 01:15:39,2,,100,0,1,2025-02-10 01:15:39,R_bNTeEc8b4pYIIkK,,,,,,,test,,1,3,6,3,3,2,1,6,6,1,3,5,55,"Aenean est? Neque dui etiam imperdiet mauris sagittis non, fusce.",102,1,3,7,37761
2025-02-10 01:15:39,2025-02-10 01:15:39,2,,100,0,1,2025-02-10 01:15:39,R_cNmvNPhOfIsQvaK,,,,,,,test,,1,7,2,5,3,1,7,4,4,3,3,6,99,,41,2,4,6,24081
2025-02-10 01:15:39,2025-02-10 01:15:39,2,,100,0,1,2025-02-10 01:15:39,R_0e7TfrjuRqqdFzw,,,,,,,test,,1,1,4,7,6,7,1,7,6,3,4,6,99,,62,4,2,8,26376
2025-02-10 01:15:40,2025-02-10 01:15:40,2,,100,0,1,2025-02-10 01:15:40,R_cZ9CFSWklHcmoWq,,,,,,,test,,1,3,2,5,1,4,3,2,2,1,7,6,1,,65,3,4,5,20161
2025-02-10 01:15:40,2025-02-10 01:15:40,2,,100,0,1,2025-02-10 01:15:40,R_6y6owq8JYupjJoW,,,,,,,test,,1,3,1,2,3,7,2,4,5,5,5,1,1,,77,6,2,1,13504
2025-02-10 01:15:40,2025-02-10 01:15:40,2,,100,0,1,2025-02-10 01:15:40,R_0dBBepxY6BDdqd0,,,,,,,test,,1,2,7,4,1,5,1,1,7,2,2,2,0,,43,5,2,7,29602
2025-02-10 01:15:40,2025-02-10 01:15:40,2,,100,0,1,2025-02-10 01:15:40,R_3Q4q3dkWOCuSrNY,,,,,,,test,,1,2,6,1,7,3,3,6,1,5,5,2,99,,83,2,3,7,25812
2025-02-10 01:15:40,2025-02-10 01:15:40,2,,100,0,1,2025-02-10 01:15:40,R_3Kr110BfCZH8spE,,,,,,,test,,1,7,3,7,1,4,2,7,6,2,3,1,1,,21,5,2,5,17798
2025-02-10 01:15:40,2025-02-10 01:15:40,2,,100,0,1,2025-02-10 01:15:40,R_6oiijOaG6i8U7yu,,,,,,,test,,1,3,4,3,3,5,7,5,6,2,6,5,0,,54,3,2,2,17991
2025-02-10 01:15:41,2025-02-10 01:15:41,2,,100,0,1,2025-02-10 01:15:41,R_cZ9DO1So0GdLCbs,,,,,,,test,,1,6,7,3,7,6,6,6,4,4,3,3,55,Urna. Est mauris nonummy tempor orci suspendisse. Fusce pharetra erat. Lectus tortor fusce.,37,5,2,8,30243
2025-02-10 01:15:41,2025-02-10 01:15:41,2,,100,0,1,2025-02-10 01:15:41,R_1U4jr208xlPkGDI,,,,,,,test,,1,1,6,3,6,2,1,2,4,4,7,7,0,,77,2,4,1,23172
2025-02-10 01:15:41,2025-02-10 01:15:41,2,,100,0,1,2025-02-10 01:15:41,R_9tcgafBBRGT13iC,,,,,,,test,,1,4,5,3,5,1,4,6,1,3,3,6,1,,50,3,3,3,22286
2025-02-10 01:15:41,2025-02-10 01:15:41,2,,100,0,1,2025-02-10 01:15:41,R_0cgmJ6CNcYaeWGO,,,,,,,test,,1,4,5,1,2,1,5,5,5,1,6,6,0,,44,1,5,4,21828
2025-02-10 01:15:41,2025-02-10 01:15:41,2,,100,0,1,2025-02-10 01:15:42,R_3F8ClvxsU7p0y9g,,,,,,,test,,1,1,7,5,6,7,2,2,1,2,1,7,55,"Dapibus natoque dictumst, potenti. Sit sollicitudin sodales ab etiam est pede a.",48,5,2,6,33419
2025-02-10 01:15:42,2025-02-10 01:15:42,2,,100,0,1,2025-02-10 01:15:42,R_aaaiv0Mo5wRXGWa,,,,,,,test,,1,1,7,1,7,2,4,6,6,6,3,7,0,,98,5,5,2,15202
2025-02-10 01:15:42,2025-02-10 01:15:42,2,,100,0,1,2025-02-10 01:15:42,R_800U6vBxcMvqxGC,,,,,,,test,,1,6,6,1,2,2,3,2,5,4,2,6,1,,60,1,5,6,36425
2025-02-10 01:15:42,2025-02-10 01:15:42,2,,100,0,1,2025-02-10 01:15:42,R_0ON8yMFVPGdD9jw,,,,,,,test,,1,5,5,6,6,4,1,6,6,5,4,1,1,,88,1,4,4,19840
2025-02-10 01:15:42,2025-02-10 01:15:42,2,,100,0,1,2025-02-10 01:15:42,R_5jMT37YMSIfRu74,,,,,,,test,,1,2,7,3,2,6,1,3,6,5,6,5,1,,54,4,3,6,26931
2025-02-10 01:15:42,2025-02-10 01:15:42,2,,100,0,1,2025-02-10 01:15:42,R_3BOwo83UtCefUjk,,,,,,,test,,1,6,5,5,5,6,2,5,6,1,7,6,55,"Leo risus viverra commodo, sem sagittis dolorem dolorem mi maecenas laoreet.",31,4,4,5,26228
2025-02-10 01:15:43,2025-02-10 01:15:43,2,,100,0,1,2025-02-10 01:15:43,R_b438Y5sM9mt9SLQ,,,,,,,test,,1,6,4,7,3,3,5,4,2,5,1,2,99,,42,3,4,1,40438
2025-02-10 01:15:43,2025-02-10 01:15:43,2,,100,0,1,2025-02-10 01:15:43,R_byngTZOcpnnuoho,,,,,,,test,,1,7,1,3,5,4,2,4,7,7,2,7,0,,85,4,2,2,18397
2025-02-10 01:15:43,2025-02-10 01:15:43,2,,100,0,1,2025-02-10 01:15:43,R_024OfoUq2nch0zA,,,,,,,test,,1,5,1,4,3,7,2,2,5,3,4,5,55,Tortor tempus lorem fringilla? Tempus duis nec montes iaculis felis. Id gravida.,39,3,3,4,37003
2025-02-10 01:15:43,2025-02-10 01:15:43,2,,100,0,1,2025-02-10 01:15:43,R_74czPV1xnC14Eia,,,,,,,test,,1,3,3,1,3,7,3,6,4,4,7,5,55,Fermentum leo suscipit! Felis dolor vitae elit facilisis? Ut auctor enim fusce elementum.,104,1,5,1,22520
2025-02-10 01:15:43,2025-02-10 01:15:43,2,,100,0,1,2025-02-10 01:15:43,R_9H3reLVf5M2HlaK,,,,,,,test,,1,6,5,5,4,2,4,2,5,6,3,6,99,,81,1,1,7,42952
2025-02-10 01:15:43,2025-02-10 01:15:43,2,,100,0,1,2025-02-10 01:15:44,R_3eAFPthApdT35L8,,,,,,,test,,1,5,6,6,1,1,5,3,5,7,5,2,1,,30,2,2,3,31972
2025-02-10 01:15:44,2025-02-10 01:15:44,2,,100,0,1,2025-02-10 01:15:44,R_bxhitefaM3vy1kq,,,,,,,test,,1,5,6,2,2,7,6,2,1,4,6,7,0,,82,5,5,2,41574
2025-02-10 01:15:44,2025-02-10 01:15:44,2,,100,0,1,2025-02-10 01:15:44,R_5dKw25OWh61KsAK,,,,,,,test,,1,1,1,3,3,1,1,5,7,6,1,7,55,Nullam? Curabitur accumsan viverra odio sapien non eleifend? Quis pretium iaculis.,90,3,5,5,23411
2025-02-10 01:15:44,2025-02-10 01:15:44,2,,100,0,1,2025-02-10 01:15:44,R_3BQqc1ptLzqKddc,,,,,,,test,,1,2,1,1,2,6,7,6,5,6,2,1,0,,58,3,3,8,36969
2025-02-10 01:15:44,2025-02-10 01:15:44,2,,100,0,1,2025-02-10 01:15:44,R_3P41r1MGNTFEEh8,,,,,,,test,,1,6,1,6,1,4,5,1,6,4,6,7,0,,90,3,2,8,41215
2025-02-10 01:15:44,2025-02-10 01:15:44,2,,100,0,1,2025-02-10 01:15:44,R_38V4tuJfv8b99Uq,,,,,,,test,,1,2,1,1,5,5,7,2,6,4,1,2,55,Vivamus platea nec tellus per ipsum ridiculus scelerisque nonummy eleifend.,48,4,4,3,40397
2025-02-10 01:15:44,2025-02-10 01:15:44,2,,100,0,1,2025-02-10 01:15:45,R_3KjJ8nBJz4nkVZY,,,,,,,test,,1,7,2,4,4,7,4,1,2,1,7,5,1,,104,1,1,4,28754
2025-02-10 01:15:45,2025-02-10 01:15:45,2,,100,0,1,2025-02-10 01:15:45,R_8wi0k57wLi1Am2O,,,,,,,test,,1,3,2,1,5,6,3,3,1,2,5,6,99,,83,3,5,4,28954
2025-02-10 01:15:45,2025-02-10 01:15:45,2,,100,0,1,2025-02-10 01:15:45,R_2hkl3mI4QUYMUCy,,,,,,,test,,1,4,4,2,2,5,1,5,3,3,2,7,0,,93,4,3,6,36203
2025-02-10 01:15:45,2025-02-10 01:15:45,2,,100,0,1,2025-02-10 01:15:45,R_1XI6ijqoE0TnQou,,,,,,,test,,1,3,4,2,5,3,1,7,7,7,3,2,99,,55,1,5,4,26292
2025-02-10 01:15:45,2025-02-10 01:15:45,2,,100,0,1,2025-02-10 01:15:45,R_02r8o8kFMUGKR3U,,,,,,,test,,1,1,3,3,4,5,4,2,7,4,6,2,0,,62,5,4,1,25858
2025-02-10 01:15:45,2025-02-10 01:15:45,2,,100,0,1,2025-02-10 01:15:45,R_9nmwGhn4doL4qgu,,,,,,,test,,1,5,4,6,5,2,4,2,1,6,1,7,55,Nullam curabitur tortor posuere. Ullamcorper fringilla duis nulla pretium tempor placerat rhoncus iaculis.,86,2,2,7,16699
2025-02-10 01:15:45,2025-02-10 01:15:45,2,,100,0,1,2025-02-10 01:15:46,R_8GFbbiONu5QQInQ,,,,,,,test,,1,2,1,5,6,7,6,7,5,4,2,2,0,,28,2,2,6,39740
2025-02-10 01:15:46,2025-02-10 01:15:46,2,,100,0,1,2025-02-10 01:15:46,R_0jsYKliQxNaolSe,,,,,,,test,,1,7,7,4,2,6,4,2,4,6,5,4,99,,97,1,4,7,16490
2025-02-10 01:15:46,2025-02-10 01:15:46,2,,100,0,1,2025-02-10 01:15:46,R_abiRi6MaJ8VvVfo,,,,,,,test,,1,1,4,7,5,5,6,2,7,2,5,3,0,,96,1,4,3,15726
2025-02-10 01:15:46,2025-02-10 01:15:46,2,,100,0,1,2025-02-10 01:15:46,R_eX5esoSTS8c2i22,,,,,,,test,,1,4,2,7,6,3,1,5,2,4,5,4,99,,50,6,2,7,20801
2025-02-10 01:15:46,2025-02-10 01:15:46,2,,100,0,1,2025-02-10 01:15:46,R_895LJlO3UCWKNQG,,,,,,,test,,1,3,1,1,5,6,6,5,7,1,2,6,99,,33,4,4,7,14397
2025-02-10 01:15:46,2025-02-10 01:15:46,2,,100,0,1,2025-02-10 01:15:46,R_eSfDpy5AC5Jtlyu,,,,,,,test,,1,2,7,6,2,4,1,2,7,7,1,2,55,Auctor massa tempora egestas lorem pellentesque! Gravida vehicula accumsan neque erat imperdiet magna.,43,2,1,4,37555
2025-02-10 01:15:46,2025-02-10 01:15:46,2,,100,0,1,2025-02-10 01:15:47,R_eXQ3Mz6pycvIEjI,,,,,,,test,,1,7,1,3,7,6,1,1,1,4,4,3,55,Sodales urna erat gravida venenatis eget sagittis natoque praesent rhoncus! Tincidunt accusamus faucibus laoreet eros.,30,3,4,5,15749
2025-02-10 01:15:47,2025-02-10 01:15:47,2,,100,0,1,2025-02-10 01:15:47,R_2fPS1ST8PBp2J8O,,,,,,,test,,1,6,2,5,1,3,1,1,2,6,6,7,1,,105,1,4,6,33060
2025-02-10 01:15:47,2025-02-10 01:15:47,2,,100,0,1,2025-02-10 01:15:47,R_8liayYhjDGZQaO2,,,,,,,test,,1,7,6,3,6,7,4,2,5,3,2,5,1,,33,4,1,6,17426
2025-02-10 01:15:47,2025-02-10 01:15:47,2,,100,0,1,2025-02-10 01:15:47,R_3ko5Wk6uuEk8XNI,,,,,,,test,,1,7,7,7,4,4,2,1,7,4,2,6,99,,39,5,1,6,24421
2025-02-10 01:15:47,2025-02-10 01:15:47,2,,100,0,1,2025-02-10 01:15:47,R_0VBRwx15oZpdoRU,,,,,,,test,,1,4,6,3,6,2,3,2,4,6,7,1,55,Ipsum natoque fusce rutrum ante malesuada rutrum consequat aenean fermentum nullam est.,62,1,5,2,30464
2025-02-10 01:15:47,2025-02-10 01:15:47,2,,100,0,1,2025-02-10 01:15:47,R_8dANJgu8EgZLUWO,,,,,,,test,,1,6,7,6,3,4,2,5,1,7,7,5,1,,25,6,2,4,29818
2025-02-10 01:15:47,2025-02-10 01:15:48,2,,100,1,1,2025-02-10 01:15:48,R_erkCiFUvGzzHjjo,,,,,,,test,,1,4,6,6,5,1,7,6,7,6,4,2,99,,47,6,4,4,23006
2025-02-10 01:15:48,2025-02-10 01:15:48,2,,100,0,1,2025-02-10 01:15:48,R_d9YVpQvNfYW20Oa,,,,,,,test,,1,1,5,7,2,3,7,1,7,1,2,4,99,,37,1,5,8,39504
2025-02-10 01:15:48,2025-02-10 01:15:48,2,,100,0,1,2025-02-10 01:15:48,R_6R301iZLN8Cdkqy,,,,,,,test,,1,2,2,7,5,3,1,1,3,4,2,3,55,Proin interdum duis curabitur! Interdum a et? Cursus est dui augue.,68,6,4,5,28774
2025-02-10 01:15:48,2025-02-10 01:15:48,2,,100,0,1,2025-02-10 01:15:48,R_a3qMLxpE6qyi26G,,,,,,,test,,1,4,4,1,4,2,1,4,5,2,3,6,99,,37,4,5,1,42424
2025-02-10 01:15:48,2025-02-10 01:15:48,2,,100,0,1,2025-02-10 01:15:48,R_79DpJZ7WQ3ubTLg,,,,,,,test,,1,3,3,4,6,1,2,7,5,6,7,4,99,,28,2,2,4,29377
2025-02-10 01:15:48,2025-02-10 01:15:48,2,,100,0,1,2025-02-10 01:15:48,R_cXQp98iEwfNk5Zc,,,,,,,test,,1,1,4,4,2,5,4,5,7,4,6,5,55,Tincidunt. Massa temporibus porta etiam neque natoque! Magnis massa tempus.,52,2,5,4,14881
2025-02-10 01:15:49,2025-02-10 01:15:49,2,,100,0,1,2025-02-10 01:15:49,R_eJzSskvFBAmsTsi,,,,,,,test,,1,2,7,3,4,6,4,7,2,5,4,1,0,,35,6,3,8,41751
2025-02-10 01:15:49,2025-02-10 01:15:49,2,,100,0,1,2025-02-10 01:15:49,R_5j54698XDakkTky,,,,,,,test,,1,1,6,1,1,7,1,5,6,3,3,4,55,"Pede accumsan dapibus? Amet ipsum mauris imperdiet. Ridiculus. Mi tempus wisi, placerat duis.",18,1,3,2,38120
2025-02-10 01:15:49,2025-02-10 01:15:49,2,,100,0,1,2025-02-10 01:15:49,R_6Edn6ssnkny8C5E,,,,,,,test,,1,3,4,7,4,3,1,1,4,4,7,6,99,,19,6,3,7,18531
2025-02-10 01:15:49,2025-02-10 01:15:49,2,,100,0,1,2025-02-10 01:15:49,R_24aWHYRiurQIOvI,,,,,,,test,,1,5,3,6,2,6,4,5,5,2,4,2,1,,30,1,2,1,19482
2025-02-10 01:15:49,2025-02-10 01:15:49,2,,100,0,1,2025-02-10 01:15:49,R_02KrwPwi7JbDjDw,,,,,,,test,,1,6,5,1,4,1,6,5,5,6,4,7,55,Mi nunc etiam eu dapibus metus ab! Et leo proin.,32,2,1,1,14368
2025-02-10 01:15:49,2025-02-10 01:15:49,2,,100,0,1,2025-02-10 01:15:49,R_8A35IwG3XHfRVyK,,,,,,,test,,1,7,5,2,6,5,4,2,4,1,1,7,0,,37,1,2,8,37268
2025-02-10 01:15:50,2025-02-10 01:15:50,2,,100,0,1,2025-02-10 01:15:50,R_3pXpK6i1Uh3KjBk,,,,,,,test,,1,7,2,1,5,4,4,1,2,7,1,7,99,,73,2,5,8,24784
2025-02-10 01:15:50,2025-02-10 01:15:50,2,,100,0,1,2025-02-10 01:15:50,R_cTIII2MoO3ASFFQ,,,,,,,test,,1,3,6,7,4,2,6,2,5,1,6,5,0,,98,1,5,2,33491
2025-02-10 01:15:50,2025-02-10 01:15:50,2,,100,0,1,2025-02-10 01:15:50,R_4Uux4WyT28p9SdM,,,,,,,test,,1,3,2,3,6,7,3,5,7,2,4,4,99,,86,4,3,1,40104
2025-02-10 01:15:50,2025-02-10 01:15:50,2,,100,0,1,2025-02-10 01:15:50,R_1UnSLfwvbV63MhM,,,,,,,test,,1,3,2,2,1,3,2,6,1,6,7,4,0,,24,3,2,8,33050
2025-02-10 01:15:50,2025-02-10 01:15:50,2,,100,0,1,2025-02-10 01:15:50,R_3kncvjV1m7t7Epg,,,,,,,test,,1,5,7,6,7,1,7,4,3,1,3,2,1,,68,6,5,8,25043
2025-02-10 01:15:50,2025-02-10 01:15:50,2,,100,0,1,2025-02-10 01:15:51,R_9oQL34OIrThd0AS,,,,,,,test,,1,6,2,7,6,1,5,5,3,2,2,4,55,Facilisis nulla cursus praesent gravida in ante cras accumsan ultricies euismod. Viverra.,98,5,4,5,33461
2025-02-10 01:15:51,2025-02-10 01:15:51,2,,100,0,1,2025-02-10 01:15:51,R_bQ5wmNbpSS7G1kW,,,,,,,test,,1,4,7,6,7,5,3,2,6,6,4,1,55,Consequat! Venenatis justo arcu justo phasellus velit proin porttitor! Tellus consequat tincidunt duis bibendum amet.,39,3,5,8,39035
2025-02-10 01:15:51,2025-02-10 01:15:51,2,,100,0,1,2025-02-10 01:15:51,R_0jEniOIVqk2Dsj4,,,,,,,test,,1,4,1,4,4,5,7,2,3,6,2,1,99,,43,2,4,4,41486
2025-02-10 01:15:51,2025-02-10 01:15:51,2,,100,0,1,2025-02-10 01:15:51,R_cMbGRj8shXq51NY,,,,,,,test,,1,7,4,7,3,6,7,2,6,1,7,6,0,,74,2,5,6,15360
2025-02-10 01:15:51,2025-02-10 01:15:51,2,,100,0,1,2025-02-10 01:15:51,R_dcWgUGaqrIvS5Rc,,,,,,,test,,1,2,4,7,2,4,5,3,3,1,7,1,0,,33,2,5,1,39154
2025-02-10 01:15:51,2025-02-10 01:15:51,2,,100,0,1,2025-02-10 01:15:51,R_5C2YpicMZgyPSse,,,,,,,test,,1,4,2,1,2,4,2,5,6,2,1,6,99,,60,3,3,4,35339
2025-02-10 01:15:51,2025-02-10 01:15:51,2,,100,0,1,2025-02-10 01:15:52,R_1U4PFfryuLHmajk,,,,,,,test,,1,3,4,6,2,3,1,1,2,4,4,4,55,Tellus nulla. Urna tincidunt sapien mauris lorem placerat rhoncus gravida.,58,6,2,6,42589
2025-02-10 01:15:52,2025-02-10 01:15:52,2,,100,0,1,2025-02-10 01:15:52,R_0Uu3Q3HvhXtrcwK,,,,,,,test,,1,2,7,5,2,2,1,6,7,7,5,1,55,"Vulputate elit! Sem vulputate accusamus imperdiet! Orci, sem massa sapien felis. Egestas.",78,4,4,7,40480
2025-02-10 01:15:52,2025-02-10 01:15:52,2,,100,0,1,2025-02-10 01:15:52,R_2cApnywrw3lpOgC,,,,,,,test,,1,5,6,2,2,5,1,4,3,1,2,3,55,"Sapien sem per non atque aliquam. Suspendisse. Quis posuere aliquam metus urna, orci purus potenti.",99,3,4,2,30114
2025-02-10 01:15:52,2025-02-10 01:15:52,2,,100,0,1,2025-02-10 01:15:52,R_3t6sGmbiZeDkbVI,,,,,,,test,,1,7,7,5,5,6,4,7,3,4,6,1,1,,65,4,3,3,26153
2025-02-10 01:15:52,2025-02-10 01:15:52,2,,100,0,1,2025-02-10 01:15:52,R_cYABMZinxMcWIgS,,,,,,,test,,1,1,1,6,7,6,6,1,4,1,2,6,55,"Orci aenean fringilla lectus elementum culpa phasellus dolorem maecenas dolorem aenean ab, nonummy.",32,4,3,8,35742
2025-02-10 01:15:52,2025-02-10 01:15:52,2,,100,0,1,2025-02-10 01:15:52,R_00bVyvYhbtdrvCK,,,,,,,test,,1,5,5,3,3,1,6,2,3,4,2,7,99,,29,6,4,5,25099
2025-02-10 01:15:53,2025-02-10 01:15:53,2,,100,0,1,2025-02-10 01:15:53,R_0MoX05p3nCCfIGO,,,,,,,test,,1,2,1,7,6,5,7,5,6,5,4,6,55,Temporibus convallis curabitur. Tempor maecenas montes dolor consectetuer lorem quam duis. Imperdiet! Aenean.,76,5,2,1,39880
2025-02-10 01:15:53,2025-02-10 01:15:53,2,,100,0,1,2025-02-10 01:15:53,R_5pCvMvOVdJPovuC,,,,,,,test,,1,5,5,1,7,3,1,5,5,6,7,1,1,,49,6,4,8,37150
2025-02-10 01:15:53,2025-02-10 01:15:53,2,,100,0,1,2025-02-10 01:15:53,R_86C5tQZDVCyYckK,,,,,,,test,,1,7,1,3,3,7,1,4,5,6,7,5,0,,55,5,5,5,31513
2025-02-10 01:15:53,2025-02-10 01:15:53,2,,100,0,1,2025-02-10 01:15:53,R_eMaT54tSoEpFEDs,,,,,,,test,,1,2,1,5,7,1,5,3,3,1,2,2,1,,35,3,1,3,15407
2025-02-10 01:15:53,2025-02-10 01:15:53,2,,100,0,1,2025-02-10 01:15:53,R_bBDyVcrfK0k66hM,,,,,,,test,,1,4,7,4,1,1,5,6,3,7,7,3,99,,72,5,2,5,25237
2025-02-10 01:15:53,2025-02-10 01:15:53,2,,100,0,1,2025-02-10 01:15:54,R_e2M7GxhJy8bcGDc,,,,,,,test,,1,6,4,6,2,4,1,1,6,4,2,2,55,Sodales malesuada praesent ante! Odio facilisis donec? Ultrices. Praesent suscipit risus sit.,74,2,3,3,25950
2025-02-10 01:15:54,2025-02-10 01:15:54,2,,100,0,1,2025-02-10 01:15:54,R_9pNRkHbM23sDNoW,,,,,,,test,,1,3,5,2,4,6,7,4,3,7,7,6,99,,68,1,4,2,16760
2025-02-10 01:15:54,2025-02-10 01:15:54,2,,100,0,1,2025-02-10 01:15:54,R_56y5BrNvB2KfCF8,,,,,,,test,,1,2,5,5,3,1,7,1,3,7,1,5,99,,73,5,1,1,34040
2025-02-10 01:15:54,2025-02-10 01:15:54,2,,100,0,1,2025-02-10 01:15:54,R_3qjG6Cffsi97uPc,,,,,,,test,,1,1,4,1,5,7,5,2,7,1,7,6,0,,35,4,5,2,31297
2025-02-10 01:15:54,2025-02-10 01:15:54,2,,100,0,1,2025-02-10 01:15:54,R_ebKvS6rqA8mA0pE,,,,,,,test,,1,3,3,5,4,7,4,2,6,7,5,3,0,,83,4,5,8,16154
2025-02-10 01:15:54,2025-02-10 01:15:54,2,,100,0,1,2025-02-10 01:15:54,R_0dekG3NXreI6GYS,,,,,,,test,,1,1,1,4,3,6,6,4,4,4,6,7,99,,37,6,4,3,18793
2025-02-10 01:15:54,2025-02-10 01:15:54,2,,100,0,1,2025-02-10 01:15:55,R_brRp2VItEehMBU2,,,,,,,test,,1,4,2,4,1,3,7,6,4,5,2,4,1,,86,3,5,5,43186
2025-02-10 01:15:55,2025-02-10 01:15:55,2,,100,0,1,2025-02-10 01:15:55,R_0321FvggRj6QGWy,,,,,,,test,,1,4,2,1,6,6,2,6,1,4,6,5,55,Ac. Erat blandit eros. Malesuada a facilisis bibendum ultrices. Dignissim.,69,4,2,5,42614
2025-02-10 01:15:55,2025-02-10 01:15:55,2,,100,0,1,2025-02-10 01:15:55,R_ablcCYt4bI9Pvbo,,,,,,,test,,1,3,5,4,2,3,5,7,4,6,1,4,1,,90,4,5,3,34931
2025-02-10 01:15:55,2025-02-10 01:15:55,2,,100,0,1,2025-02-10 01:15:55,R_7Qzvm8N8gPs6qN0,,,,,,,test,,1,2,7,6,7,2,2,7,7,2,7,4,99,,104,5,1,8,35499
2025-02-10 01:15:55,2025-02-10 01:15:55,2,,100,0,1,2025-02-10 01:15:55,R_9XBTY4UOjBSkRYW,,,,,,,test,,1,5,2,3,6,5,1,1,3,5,1,5,99,,87,4,3,6,16243
2025-02-10 01:15:55,2025-02-10 01:15:55,2,,100,0,1,2025-02-10 01:15:55,R_3XlAWctoxT9TITY,,,,,,,test,,1,1,7,5,7,3,3,5,5,2,5,2,1,,65,1,2,3,32808
2025-02-10 01:15:55,2025-02-10 01:15:55,2,,100,0,1,2025-02-10 01:15:56,R_cTsH6Lxhb9isG5U,,,,,,,test,,1,7,7,4,1,2,3,5,4,1,6,6,0,,51,6,3,1,24162
2025-02-10 01:15:56,2025-02-10 01:15:56,2,,100,0,1,2025-02-10 01:15:56,R_b1PcsV1E5v9TzYG,,,,,,,test,,1,7,5,2,3,4,2,3,3,2,3,5,0,,75,5,1,5,21754
2025-02-10 01:15:56,2025-02-10 01:15:56,2,,100,0,1,2025-02-10 01:15:56,R_aW5LEbbF3YZFvfg,,,,,,,test,,1,7,2,4,3,1,7,6,6,4,6,6,0,,19,6,4,7,25765
2025-02-10 01:15:56,2025-02-10 01:15:56,2,,100,0,1,2025-02-10 01:15:56,R_7ajIjbmKlzUj6iW,,,,,,,test,,1,6,6,4,4,6,2,3,6,4,6,4,1,,76,4,4,7,38929
2025-02-10 01:15:56,2025-02-10 01:15:56,2,,100,0,1,2025-02-10 01:15:56,R_dnCSwED1ZvkUyzk,,,,,,,test,,1,3,6,7,7,5,3,7,3,5,3,4,55,Arcu dapibus aliquet. Dignissim lacus lorem ut fermentum aenean. Sodales pellentesque imperdiet erat.,33,1,4,6,14691
2025-02-10 01:15:56,2025-02-10 01:15:56,2,,100,0,1,2025-02-10 01:15:56,R_41QYzM7JrdqTJWK,,,,,,,test,,1,5,6,5,6,7,4,6,7,5,4,3,0,,45,4,2,2,28500
2025-02-10 01:15:57,2025-02-10 01:15:57,2,,100,0,1,2025-02-10 01:15:57,R_6o42ExQ34KQJToO,,,,,,,test,,1,7,1,5,6,2,1,4,5,4,2,1,0,,24,6,3,1,28188
2025-02-10 01:15:57,2025-02-10 01:15:57,2,,100,0,1,2025-02-10 01:15:57,R_bmvS9k6N7KXMeay,,,,,,,test,,1,4,4,2,7,2,1,1,1,2,2,5,55,Posuere? Viverra consectetuer orci quam velit suscipit arcu at vel duis elementum dolorem atque.,21,2,1,8,26922
2025-02-10 01:15:57,2025-02-10 01:15:57,2,,100,0,1,2025-02-10 01:15:57,R_dfX5PrKn4kHSAom,,,,,,,test,,1,1,6,1,7,5,4,4,2,2,1,3,99,,24,3,5,4,35917
2025-02-10 01:15:57,2025-02-10 01:15:57,2,,100,0,1,2025-02-10 01:15:57,R_cNliiBiCf8ogS3A,,,,,,,test,,1,3,4,6,7,6,7,4,3,5,2,3,1,,95,3,4,1,35327
2025-02-10 01:15:57,2025-02-10 01:15:57,2,,100,0,1,2025-02-10 01:15:57,R_3BIJh9feH7AfwlU,,,,,,,test,,1,6,6,7,6,3,5,2,5,1,5,4,55,Eleifend malesuada tortor suscipit turpis turpis bibendum. Imperdiet eros sem vitae fermentum quis purus sem.,23,2,5,5,15749
2025-02-10 01:15:57,2025-02-10 01:15:57,2,,100,0,1,2025-02-10 01:15:58,R_eqG0kE9f2OppUNM,,,,,,,test,,1,3,1,4,4,7,3,2,2,7,3,2,1,,69,4,5,5,19631
2025-02-10 01:15:58,2025-02-10 01:15:58,2,,100,0,1,2025-02-10 01:15:58,R_80m2yqnCsHgb8RU,,,,,,,test,,1,1,7,1,3,2,2,5,3,6,6,5,1,,18,4,2,5,14955
2025-02-10 01:15:58,2025-02-10 01:15:58,2,,100,0,1,2025-02-10 01:15:58,R_8vmIw3uPSPNJKuO,,,,,,,test,,1,2,4,4,4,4,1,1,7,7,3,1,99,,41,3,4,2,18705
2025-02-10 01:15:58,2025-02-10 01:15:58,2,,100,0,1,2025-02-10 01:15:58,R_babe6jUPlDR5Nno,,,,,,,test,,1,5,3,6,3,4,7,7,7,6,6,6,1,,35,6,2,6,18578
2025-02-10 01:15:58,2025-02-10 01:15:58,2,,100,0,1,2025-02-10 01:15:58,R_5myO48OGyR9YkaG,,,,,,,test,,1,5,5,7,2,6,4,7,5,3,3,6,0,,30,1,3,7,27113
2025-02-10 01:15:58,2025-02-10 01:15:58,2,,100,0,1,2025-02-10 01:15:58,R_b1s6fH4A3aTe7Zk,,,,,,,test,,1,7,7,4,2,5,4,6,7,6,2,5,0,,89,5,2,7,29443
2025-02-10 01:15:59,2025-02-10 01:15:59,2,,100,0,1,2025-02-10 01:15:59,R_38KWrnRwqsRBCbc,,,,,,,test,,1,4,1,4,5,2,1,3,5,1,6,7,55,"Mauris culpa pretium integer curabitur ipsum elit convallis rutrum aenean, ipsum venenatis mattis etiam laoreet.",35,2,5,8,32803
2025-02-10 01:15:59,2025-02-10 01:15:59,2,,100,0,1,2025-02-10 01:15:59,R_4OuJ4ebZ9HpDWse,,,,,,,test,,1,5,1,7,2,5,7,4,5,4,3,5,99,,87,3,3,2,29470
2025-02-10 01:15:59,2025-02-10 01:15:59,2,,100,0,1,2025-02-10 01:15:59,R_ba0Pb5PcSYPwUPc,,,,,,,test,,1,5,4,6,7,4,6,6,5,4,6,2,55,"Ullamcorper! Rutrum luctus ab. Nunc velit ultricies? Atque sem amet duis tempora, suscipit arcu.",67,4,1,1,31531
2025-02-10 01:15:59,2025-02-10 01:15:59,2,,100,0,1,2025-02-10 01:15:59,R_1NyLQqrYMZKmFtY,,,,,,,test,,1,7,7,7,2,6,6,6,7,7,5,2,1,,37,2,4,8,28069
2025-02-10 01:15:59,2025-02-10 01:15:59,2,,100,0,1,2025-02-10 01:15:59,R_8iUiG03dKZBDqLQ,,,,,,,test,,1,6,6,6,2,4,3,7,1,2,1,5,1,,51,5,5,7,23926
2025-02-10 01:15:59,2025-02-10 01:15:59,2,,100,0,1,2025-02-10 01:16:00,R_cGX7BCeomx1jnKu,,,,,,,test,,1,1,6,1,1,4,1,4,6,3,5,4,0,,100,5,5,5,21080
2025-02-10 01:16:00,2025-02-10 01:16:00,2,,100,0,1,2025-02-10 01:16:00,R_3t4LDhzdyggouQC,,,,,,,test,,1,3,3,6,2,6,4,3,1,5,7,7,55,"Iaculis? Tincidunt, fermentum! Rutrum? Luctus sodales mauris aliquam suspendisse est ante.",21,2,4,8,16742
2025-02-10 01:16:00,2025-02-10 01:16:00,2,,100,0,1,2025-02-10 01:16:00,R_6YxM6GGfgfzdY8K,,,,,,,test,,1,5,3,6,7,1,4,1,7,5,7,5,99,,72,4,3,2,17349
2025-02-10 01:16:00,2025-02-10 01:16:00,2,,100,0,1,2025-02-10 01:16:00,R_cSxuiV7RwBCgoyq,,,,,,,test,,1,4,2,6,2,2,1,3,2,4,5,2,55,Mi commodo? Quam turpis dui quis commodo cras diam ullamcorper. Mauris? Praesent.,92,4,2,1,40681
2025-02-10 01:16:00,2025-02-10 01:16:00,2,,100,0,1,2025-02-10 01:16:00,R_dnxKLYjxoOGgfIO,,,,,,,test,,1,1,4,6,2,1,4,5,4,1,6,2,99,,19,5,3,4,27767
2025-02-10 01:16:00,2025-02-10 01:16:00,2,,100,0,1,2025-02-10 01:16:00,R_6llMZG4OL7k2wbY,,,,,,,test,,1,6,5,1,6,1,3,7,7,3,2,5,99,,68,1,3,5,14542
2025-02-10 01:16:01,2025-02-10 01:16:01,2,,100,0,1,2025-02-10 01:16:01,R_9XgXQtIst0trUqi,,,,,,,test,,1,2,2,3,2,3,1,1,6,5,6,2,55,Dui facilisi posuere a ipsum tellus. Accumsan ligula sapien id aliquam pellentesque.,32,1,4,3,30630
2025-02-10 01:16:01,2025-02-10 01:16:01,2,,100,0,1,2025-02-10 01:16:01,R_cMYpqHx07Gdar4i,,,,,,,test,,1,6,6,4,4,3,1,7,4,5,5,2,0,,30,1,3,6,31876
2025-02-10 01:16:01,2025-02-10 01:16:01,2,,100,0,1,2025-02-10 01:16:01,R_2c0ZVZNeIQC3Dtc,,,,,,,test,,1,6,4,3,4,6,7,1,1,1,3,4,55,Pede lorem etiam interdum potenti scelerisque diam justo lorem vestibulum fringilla et ante. Ultricies? Potenti.,98,5,1,8,24311
2025-02-10 01:16:01,2025-02-10 01:16:01,2,,100,0,1,2025-02-10 01:16:01,R_2tLOP8B7M3W6WJo,,,,,,,test,,1,5,7,3,2,2,6,7,3,3,5,2,99,,26,4,2,6,40671
2025-02-10 01:16:01,2025-02-10 01:16:01,2,,100,0,1,2025-02-10 01:16:01,R_5pu6qcf3TqZf8Nw,,,,,,,test,,1,2,3,2,4,3,5,4,6,2,2,4,1,,59,1,1,1,41346
2025-02-10 01:16:01,2025-02-10 01:16:01,2,,100,0,1,2025-02-10 01:16:02,R_bIREJjx3LmOvcHQ,,,,,,,test,,1,5,4,2,6,7,1,6,5,4,6,4,99,,95,3,4,3,17289
2025-02-10 01:16:02,2025-02-10 01:16:02,2,,100,0,1,2025-02-10 01:16:02,R_e36UhfMOC6262YS,,,,,,,test,,1,3,1,7,2,1,6,2,3,6,4,2,99,,42,1,2,2,30878
2025-02-10 01:16:02,2025-02-10 01:16:02,2,,100,0,1,2025-02-10 01:16:02,R_09auCg3vbFlRJky,,,,,,,test,,1,3,5,5,3,2,1,3,4,4,3,1,55,"In, aliquam iaculis diam sagittis scelerisque curabitur praesent fringilla leo justo.",82,4,5,2,13681
2025-02-10 01:16:02,2025-02-10 01:16:02,2,,100,0,1,2025-02-10 01:16:02,R_0rLz1oiws4drCia,,,,,,,test,,1,2,7,4,7,5,7,6,6,1,2,4,1,,76,2,4,1,30286
2025-02-10 01:16:02,2025-02-10 01:16:02,2,,100,0,1,2025-02-10 01:16:02,R_0PruT1lqQhzFfqC,,,,,,,test,,1,5,6,2,2,6,1,4,2,5,5,2,99,,39,1,5,4,33974
2025-02-10 01:16:02,2025-02-10 01:16:02,2,,100,0,1,2025-02-10 01:16:02,R_0k213ucsdRiaTSm,,,,,,,test,,1,5,1,3,2,6,1,2,2,5,7,6,0,,93,6,4,8,14616
2025-02-10 01:16:03,2025-02-10 01:16:03,2,,100,0,1,2025-02-10 01:16:03,R_1z4Wl3cGaNHGVwi,,,,,,,test,,1,6,5,6,1,5,2,1,7,7,6,5,0,,91,5,5,5,42857
2025-02-10 01:16:03,2025-02-10 01:16:03,2,,100,0,1,2025-02-10 01:16:03,R_aVS1oCy2iBVw04e,,,,,,,test,,1,7,2,1,5,1,7,6,7,5,7,1,99,,29,6,3,8,27662
2025-02-10 01:16:03,2025-02-10 01:16:03,2,,100,0,1,2025-02-10 01:16:03,R_cTNfV0jI6GZTUtU,,,,,,,test,,1,5,1,3,6,2,6,5,4,7,7,2,1,,70,1,1,8,20492
2025-02-10 01:16:03,2025-02-10 01:16:03,2,,100,0,1,2025-02-10 01:16:03,R_6hgF5CfW5TvdzoO,,,,,,,test,,1,3,6,5,3,2,6,3,5,2,1,6,0,,30,3,1,7,27065
2025-02-10 01:16:03,2025-02-10 01:16:03,2,,100,0,1,2025-02-10 01:16:03,R_1M8WmRofxeSOiCG,,,,,,,test,,1,1,7,6,6,5,4,2,4,7,2,3,0,,94,4,1,7,32361
2025-02-10 01:16:03,2025-02-10 01:16:03,2,,100,0,1,2025-02-10 01:16:04,R_dd9mrpXtwY7acK2,,,,,,,test,,1,5,1,2,3,6,1,7,1,7,3,5,99,,86,2,1,4,32769
2025-02-10 01:16:04,2025-02-10 01:16:04,2,,100,0,1,2025-02-10 01:16:04,R_6fcPVQgUN6QmpkG,,,,,,,test,,1,7,1,7,3,1,6,4,6,5,3,4,0,,70,2,2,6,30241
2025-02-10 01:16:04,2025-02-10 01:16:04,2,,100,0,1,2025-02-10 01:16:04,R_8cWaEX0bThJVggK,,,,,,,test,,1,5,5,6,1,5,3,6,6,5,5,6,99,,62,3,3,1,34781
2025-02-10 01:16:04,2025-02-10 01:16:04,2,,100,0,1,2025-02-10 01:16:04,R_cumhc7F6phcyCgK,,,,,,,test,,1,5,6,1,7,7,4,1,1,5,2,1,0,,31,2,4,3,15494
2025-02-10 01:16:04,2025-02-10 01:16:04,2,,100,0,1,2025-02-10 01:16:04,R_9sq9oiseJlzbC5M,,,,,,,test,,1,1,6,4,1,7,7,6,4,3,5,3,55,"Cras. Ullamcorper porta, amet mattis dolorem lectus imperdiet augue nec leo. Pharetra.",98,6,2,2,43346
2025-02-10 01:16:04,2025-02-10 01:16:04,2,,100,0,1,2025-02-10 01:16:05,R_6mzVmRxERdfDyYe,,,,,,,test,,1,5,6,7,7,1,1,4,7,1,7,7,55,Eros maecenas consectetuer blandit tempor pellentesque commodo luctus tempus eu nunc eu temporibus euismod leo.,81,3,4,7,29828
2025-02-10 01:16:05,2025-02-10 01:16:05,2,,100,0,1,2025-02-10 01:16:05,R_0VTQ2adrYJVvSBM,,,,,,,test,,1,3,4,3,3,1,6,4,3,4,6,5,0,,99,4,5,3,25864
2025-02-10 01:16:05,2025-02-10 01:16:05,2,,100,0,1,2025-02-10 01:16:05,R_1Y0KRggUJjgTeBw,,,,,,,test,,1,5,2,1,1,1,5,7,7,5,5,6,99,,97,2,5,4,35314
2025-02-10 01:16:05,2025-02-10 01:16:05,2,,100,0,1,2025-02-10 01:16:05,R_eg7jSwNKRMUuHB4,,,,,,,test,,1,7,5,2,3,6,7,7,2,5,5,6,1,,29,2,5,8,43403
2025-02-10 01:16:05,2025-02-10 01:16:05,2,,100,0,1,2025-02-10 01:16:05,R_5iqtcSR63Tgfn70,,,,,,,test,,1,7,6,7,6,4,7,3,3,4,5,5,0,,24,6,1,7,13526
2025-02-10 01:16:05,2025-02-10 01:16:05,2,,100,0,1,2025-02-10 01:16:05,R_9uBBlHfbuAhsJFA,,,,,,,test,,1,5,2,1,2,5,4,6,3,3,1,6,55,Aenean dui rhoncus euismod a at? Temporibus pharetra ligula placerat vitae. Et montes egestas! Eu.,366,3,1,1,13892
2025-02-10 01:16:06,2025-02-10 01:16:06,2,,100,0,1,2025-02-10 01:16:06,R_6mtPLIoc4G0xciO,,,,,,,test,,1,6,1,2,7,6,2,7,5,3,3,2,0,,98,3,3,3,25430
2025-02-10 01:16:06,2025-02-10 01:16:06,2,,100,0,1,2025-02-10 01:16:06,R_bypifPakkTTNHEi,,,,,,,test,,1,3,6,2,7,2,4,4,3,6,5,3,55,Proin nulla ante mattis porta nulla sodales posuere amet odio odio cras commodo quis ullamcorper.,84,4,2,8,28259
2025-02-10 01:16:06,2025-02-10 01:16:06,2,,100,0,1,2025-02-10 01:16:06,R_b2sjf4bQT3l1wCq,,,,,,,test,,1,2,7,7,7,4,3,2,4,4,6,4,99,,85,1,4,1,36317
2025-02-10 01:16:06,2025-02-10 01:16:06,2,,100,0,1,2025-02-10 01:16:06,R_0weavSZSMpFEnc2,,,,,,,test,,1,1,4,4,7,5,1,4,3,7,3,6,55,Pretium dolor. Felis tellus maecenas. Ac. Sodales augue elementum dolorem sem fusce vulputate maecenas accusamus.,94,2,1,3,24994
2025-02-10 01:16:06,2025-02-10 01:16:06,2,,100,0,1,2025-02-10 01:16:06,R_8GLRiI9pJgjJrHo,,,,,,,test,,1,2,3,7,5,3,3,6,5,1,3,7,55,"Ullamcorper volutpat felis, tincidunt sagittis. Platea amet venenatis. Lectus, rutrum sapien nonummy.",49,2,2,4,26415
2025-02-10 01:16:06,2025-02-10 01:16:06,2,,100,0,1,2025-02-10 01:16:07,R_7TGTnCu9aEvmL1Y,,,,,,,test,,1,5,7,1,3,2,2,5,1,7,3,5,1,,21,5,1,3,35211
2025-02-10 01:16:07,2025-02-10 01:16:07,2,,100,0,1,2025-02-10 01:16:07,R_72SH6wrFxCap3aC,,,,,,,test,,1,1,3,4,1,2,7,3,7,1,5,7,99,,88,4,3,7,42012
2025-02-10 01:16:07,2025-02-10 01:16:07,2,,100,0,1,2025-02-10 01:16:07,R_9sl4cgOb0zvMAdM,,,,,,,test,,1,2,5,3,1,5,1,3,6,1,2,3,1,,87,2,5,6,20013
2025-02-10 01:16:07,2025-02-10 01:16:07,2,,100,0,1,2025-02-10 01:16:07,R_cSV0KOIq1FDlAkC,,,,,,,test,,1,6,3,1,3,5,7,7,4,2,4,6,55,Facilisi id nibh potenti eros. Enim! Ultricies accusamus maecenas erat nonummy quam potenti.,97,1,3,7,36214
2025-02-10 01:16:07,2025-02-10 01:16:07,2,,100,0,1,2025-02-10 01:16:07,R_4Ym5NjWbE8Pt4LY,,,,,,,test,,1,5,2,5,3,5,6,5,5,2,3,2,0,,20,3,4,7,18057
2025-02-10 01:16:07,2025-02-10 01:16:07,2,,100,0,1,2025-02-10 01:16:07,R_eqCu3u84HDH7Y0K,,,,,,,test,,1,6,6,7,5,5,5,5,6,1,2,5,1,,43,4,3,5,42691
2025-02-10 01:16:08,2025-02-10 01:16:08,2,,100,0,1,2025-02-10 01:16:08,R_6SuWglesW1EPyM6,,,,,,,test,,1,6,5,7,7,5,5,1,1,5,1,1,0,,98,2,2,6,14225
2025-02-10 01:16:08,2025-02-10 01:16:08,2,,100,0,1,2025-02-10 01:16:08,R_eOLbF8uYaSMDr26,,,,,,,test,,1,2,1,6,6,3,7,7,6,7,1,4,0,,28,1,2,1,27765
2025-02-10 01:16:08,2025-02-10 01:16:08,2,,100,0,1,2025-02-10 01:16:08,R_81tVAtf16pDSoHc,,,,,,,test,,1,1,1,6,2,4,7,7,6,1,2,5,1,,53,3,4,7,29126
2025-02-10 01:16:08,2025-02-10 01:16:08,2,,100,0,1,2025-02-10 01:16:08,R_bd3JOp7rlkr64HY,,,,,,,test,,1,1,5,7,4,1,7,7,5,6,5,3,55,Orci pellentesque rutrum fringilla. Proin turpis aliquet. Et dictumst integer.,20,2,3,4,34849
2025-02-10 01:16:08,2025-02-10 01:16:08,2,,100,0,1,2025-02-10 01:16:08,R_0OPMA3UpfiUiu8u,,,,,,,test,,1,5,7,1,4,6,4,2,1,3,4,5,0,,74,1,5,8,37795
2025-02-10 01:16:08,2025-02-10 01:16:08,2,,100,0,1,2025-02-10 01:16:09,R_cYIHSuV3vcl3G7A,,,,,,,test,,1,3,1,3,6,7,2,1,2,3,7,6,0,,40,3,2,3,15088
2025-02-10 01:16:09,2025-02-10 01:16:09,2,,100,0,1,2025-02-10 01:16:09,R_9NQWbgbrdn0rxsy,,,,,,,test,,1,7,2,7,1,2,7,3,6,6,7,4,1,,32,5,1,7,35978
2025-02-10 01:16:09,2025-02-10 01:16:09,2,,100,0,1,2025-02-10 01:16:09,R_bwHO78ZueUEPtzw,,,,,,,test,,1,7,4,6,2,3,6,2,6,6,1,1,99,,23,2,3,4,36516
2025-02-10 01:16:09,2025-02-10 01:16:09,2,,100,0,1,2025-02-10 01:16:09,R_6ETKWhjYbFgUwxo,,,,,,,test,,1,2,4,2,1,7,5,2,5,2,6,5,55,"Leo nonummy dapibus volutpat. Atque sollicitudin metus at egestas magnis enim? Eros vel accumsan, nunc.",88,5,3,2,14633
2025-02-10 01:16:09,2025-02-10 01:16:09,2,,100,0,1,2025-02-10 01:16:09,R_5cZNnqxLljXojfU,,,,,,,test,,1,2,6,6,7,5,6,6,5,7,6,1,55,"Tincidunt est, risus duis venenatis et neque convallis. Pede fermentum dapibus at metus magna cursus.",29,1,1,6,25889
2025-02-10 01:16:09,2025-02-10 01:16:09,2,,100,0,1,2025-02-10 01:16:10,R_8B0CBof0ReBZwp0,,,,,,,test,,1,7,3,7,1,4,1,6,3,1,4,7,55,Per tempor? Mi in! Magnis cursus temporibus lorem. Massa! Erat et risus eleifend eros natoque.,68,5,3,4,15325
2025-02-10 01:16:10,2025-02-10 01:16:10,2,,100,0,1,2025-02-10 01:16:10,R_08tR5SnfY2D9yaq,,,,,,,test,,1,7,6,3,3,2,3,4,4,5,7,5,1,,84,2,4,4,18722
2025-02-10 01:16:10,2025-02-10 01:16:10,2,,100,0,1,2025-02-10 01:16:10,R_ewYaPq0U6E2X0jk,,,,,,,test,,1,6,3,6,4,5,4,1,6,4,2,1,1,,366,2,3,5,29829
2025-02-10 01:16:10,2025-02-10 01:16:10,2,,100,0,1,2025-02-10 01:16:10,R_4G6iIL06eFg25Bs,,,,,,,test,,1,3,2,4,7,5,6,3,2,4,6,7,55,"Enim mauris, ut eros nec non laoreet id duis donec.",34,5,1,7,31195
2025-02-10 01:16:10,2025-02-10 01:16:10,2,,100,0,1,2025-02-10 01:16:10,R_7Wj9IMCwdxSHCUC,,,,,,,test,,1,3,3,2,3,4,7,2,1,1,7,2,0,,83,5,5,1,18609
2025-02-10 01:16:10,2025-02-10 01:16:10,2,,100,0,1,2025-02-10 01:16:10,R_1GmdZck9UvXW9fM,,,,,,,test,,1,2,7,1,1,4,1,4,4,7,5,7,0,,85,1,2,2,26812
2025-02-10 01:16:11,2025-02-10 01:16:11,2,,100,0,1,2025-02-10 01:16:11,R_bkAEmWJXYjjQA0S,,,,,,,test,,1,3,4,5,2,6,6,7,4,1,2,4,0,,105,3,2,8,21125
2025-02-10 01:16:11,2025-02-10 01:16:11,2,,100,0,1,2025-02-10 01:16:11,R_e2nfSSZoLfwdW8C,,,,,,,test,,1,1,6,3,2,4,2,6,6,4,1,4,55,Ultrices! Viverra tempora! Suspendisse wisi pellentesque? Iaculis est urna praesent posuere suspendisse.,105,6,4,8,26954
2025-02-10 01:16:11,2025-02-10 01:16:11,2,,100,0,1,2025-02-10 01:16:11,R_aVPntrrYETJ5KVE,,,,,,,test,,1,3,4,6,5,6,4,2,3,5,6,5,55,"Non. Ridiculus donec, amet! Nulla orci eros facilisis vitae arcu. Leo nullam sodales.",53,5,3,4,38352
2025-02-10 01:16:11,2025-02-10 01:16:11,2,,100,0,1,2025-02-10 01:16:11,R_cGwExigmcUzDYzk,,,,,,,test,,1,3,1,7,5,2,5,7,2,3,6,5,99,,78,6,4,6,30106
2025-02-10 01:16:11,2025-02-10 01:16:11,2,,100,0,1,2025-02-10 01:16:11,R_5zFXpetiDBCxS0C,,,,,,,test,,1,3,4,2,2,2,3,6,7,5,2,6,99,,101,1,4,8,26420
2025-02-10 01:16:11,2025-02-10 01:16:11,2,,100,0,1,2025-02-10 01:16:12,R_02QhYmRGOxuDqx8,,,,,,,test,,1,4,6,6,1,2,4,2,5,4,2,3,99,,75,3,4,3,22900
2025-02-10 01:16:12,2025-02-10 01:16:12,2,,100,0,1,2025-02-10 01:16:12,R_a2ZeTTfYUyUHzJs,,,,,,,test,,1,2,6,6,7,7,6,2,2,2,4,5,99,,33,3,5,5,41875
2025-02-10 01:16:12,2025-02-10 01:16:12,2,,100,0,1,2025-02-10 01:16:12,R_b9tkTuWPgISrIlE,,,,,,,test,,1,7,7,7,7,2,2,1,6,4,6,7,1,,55,2,2,3,43049
2025-02-10 01:16:12,2025-02-10 01:16:12,2,,100,0,1,2025-02-10 01:16:12,R_eWd4FXK4fDoiSnY,,,,,,,test,,1,7,2,3,5,2,2,6,5,7,1,4,55,"Temporibus ultrices wisi! Ultricies. Maecenas. Maecenas atque, odio? Lectus velit dolor.",84,3,4,8,14806
2025-02-10 01:16:12,2025-02-10 01:16:12,2,,100,0,1,2025-02-10 01:16:12,R_bK40jCJCfWKkFxk,,,,,,,test,,1,6,7,5,2,1,1,6,6,2,7,4,55,Primis eleifend ipsum quis eleifend felis. Vivamus ultrices molestie maecenas wisi gravida.,23,3,3,8,23046
2025-02-10 01:16:12,2025-02-10 01:16:12,2,,100,0,1,2025-02-10 01:16:12,R_bCxE4CshEGn1zWS,,,,,,,test,,1,2,1,2,1,4,6,6,2,2,2,7,1,,55,4,1,5,34161
2025-02-10 01:16:13,2025-02-10 01:16:13,2,,100,0,1,2025-02-10 01:16:13,R_ex4xEWujfX14G46,,,,,,,test,,1,4,3,3,4,7,6,2,6,5,4,2,55,Ligula euismod risus augue nibh nibh. Et suscipit lorem temporibus.,28,4,3,6,30464
2025-02-10 01:16:13,2025-02-10 01:16:13,2,,100,0,1,2025-02-10 01:16:13,R_1ERskGnSD1CAIke,,,,,,,test,,1,7,7,2,4,1,2,5,7,2,1,2,55,"Montes. Dapibus cursus aliquam dignissim risus wisi mi? At, suspendisse etiam tempor vitae.",80,6,2,4,16836
2025-02-10 01:16:13,2025-02-10 01:16:13,2,,100,0,1,2025-02-10 01:16:13,R_bx6MIHsJeZAHC2q,,,,,,,test,,1,1,6,5,1,5,4,1,3,7,3,2,99,,84,4,4,6,29659
2025-02-10 01:16:13,2025-02-10 01:16:13,2,,100,0,1,2025-02-10 01:16:13,R_0og5sTzKnfxQbRA,,,,,,,test,,1,5,7,6,3,4,5,1,2,5,7,4,55,Suscipit morbi? Porttitor porttitor massa sollicitudin faucibus amet nullam porttitor nec magnis vulputate.,51,1,3,2,43200
2025-02-10 01:16:13,2025-02-10 01:16:13,2,,100,0,1,2025-02-10 01:16:13,R_bpje9SP85zJlVLE,,,,,,,test,,1,7,5,1,1,2,1,5,1,4,2,5,55,Commodo vel facilisi duis et nec id urna temporibus! Facilisis massa pretium.,53,1,5,7,17446
2025-02-10 01:16:13,2025-02-10 01:16:13,2,,100,0,1,2025-02-10 01:16:14,R_08kPhAg2KVmKwrs,,,,,,,test,,1,6,5,7,3,6,7,2,3,3,4,6,1,,94,5,1,5,25663
2025-02-10 01:16:14,2025-02-10 01:16:14,2,,100,0,1,2025-02-10 01:16:14,R_1N6yXRksAvtaLFI,,,,,,,test,,1,3,4,4,1,4,3,3,1,1,1,2,55,Fusce ac tincidunt! Diam! Laoreet ullamcorper ab dolor aliquet vehicula wisi at.,65,6,4,6,20286
2025-02-10 01:16:14,2025-02-10 01:16:14,2,,100,0,1,2025-02-10 01:16:14,R_8q4aAdomq4qL4Gi,,,,,,,test,,1,5,6,2,7,5,5,1,2,1,1,4,1,,101,1,5,8,14390
2025-02-10 01:16:14,2025-02-10 01:16:14,2,,100,0,1,2025-02-10 01:16:14,R_9GD28dVXNgSq6p0,,,,,,,test,,1,7,2,1,7,2,4,3,5,1,4,4,1,,90,4,2,7,41473
2025-02-10 01:16:14,2025-02-10 01:16:14,2,,100,0,1,2025-02-10 01:16:14,R_eJUYSbkVbZaz650,,,,,,,test,,1,7,3,3,1,2,7,6,5,1,3,1,0,,81,6,4,1,16075
2025-02-10 01:16:14,2025-02-10 01:16:14,2,,100,0,1,2025-02-10 01:16:15,R_9obsdoUO68pvwbQ,,,,,,,test,,1,7,4,5,7,7,4,1,6,7,3,7,99,,64,3,3,6,22969
2025-02-10 01:16:15,2025-02-10 01:16:15,2,,100,0,1,2025-02-10 01:16:15,R_5i4eUYUnhHlhrN4,,,,,,,test,,1,4,1,4,5,7,5,2,3,1,2,2,1,,56,3,4,8,38434
2025-02-10 01:16:15,2025-02-10 01:16:15,2,,100,0,1,2025-02-10 01:16:15,R_009ClLCyK8CklVk,,,,,,,test,,1,7,4,6,2,3,6,4,1,6,7,5,55,Auctor. Tortor augue arcu venenatis ac vitae at eget ut morbi posuere. Wisi.,104,2,4,5,29672
2025-02-10 01:16:15,2025-02-10 01:16:15,2,,100,0,1,2025-02-10 01:16:15,R_9sKeqEzY0s6zzSe,,,,,,,test,,1,3,7,4,6,3,6,2,3,2,7,3,99,,83,3,3,5,21426
2025-02-10 01:16:15,2025-02-10 01:16:15,2,,100,0,1,2025-02-10 01:16:15,R_6tI6oy2qTgYoRAG,,,,,,,test,,1,4,2,4,4,7,1,7,7,3,4,4,55,Erat posuere orci dui fringilla lectus convallis cursus? Eu dolorem gravida neque.,94,3,3,6,17703
2025-02-10 01:16:15,2025-02-10 01:16:15,2,,100,0,1,2025-02-10 01:16:15,R_e5tcmgKzrxTJPam,,,,,,,test,,1,3,4,3,3,2,5,2,2,7,4,7,55,"Ac dui risus lacus ridiculus enim? Convallis, non non ullamcorper tellus. Fermentum non, convallis pede.",48,4,5,3,28129
2025-02-10 01:16:16,2025-02-10 01:16:16,2,,100,0,1,2025-02-10 01:16:16,R_9XIyh4KjaxueP1s,,,,,,,test,,1,1,6,5,4,2,6,2,3,5,6,6,55,Suspendisse iaculis? Lacus. Sodales platea venenatis lorem sollicitudin porttitor vestibulum pellentesque non.,104,3,4,2,23069
2025-02-10 01:16:16,2025-02-10 01:16:16,2,,100,0,1,2025-02-10 01:16:16,R_bvgH6aLrkTzGCdU,,,,,,,test,,1,1,5,2,6,5,5,7,2,4,1,2,55,"Lectus, mattis dapibus fusce turpis. Curabitur quam vehicula? Id maecenas interdum magna! Faucibus eros.",58,1,5,1,37629
2025-02-10 01:16:16,2025-02-10 01:16:16,2,,100,0,1,2025-02-10 01:16:16,R_5sQ3Y0yP92E4gdM,,,,,,,test,,1,5,6,4,2,3,1,2,5,3,4,3,1,,19,3,1,3,24477
2025-02-10 01:16:16,2025-02-10 01:16:16,2,,100,0,1,2025-02-10 01:16:16,R_0q7iwErEt1ziyOi,,,,,,,test,,1,6,2,4,3,7,3,6,7,1,2,2,0,,54,3,1,1,21158
2025-02-10 01:16:16,2025-02-10 01:16:16,2,,100,0,1,2025-02-10 01:16:16,R_4Nq8qDOdZoBkEPc,,,,,,,test,,1,5,4,4,3,7,5,1,6,6,7,7,99,,25,4,2,8,29360
2025-02-10 01:16:16,2025-02-10 01:16:16,2,,100,0,1,2025-02-10 01:16:17,R_1HorBhLaPjR8Cii,,,,,,,test,,1,2,6,4,6,2,3,6,1,1,5,5,99,,31,1,4,6,38512
2025-02-10 01:16:17,2025-02-10 01:16:17,2,,100,0,1,2025-02-10 01:16:17,R_5irNJW6DlSqyNlc,,,,,,,test,,1,5,4,2,2,1,4,6,7,3,5,3,1,,63,4,3,1,40027
2025-02-10 01:16:17,2025-02-10 01:16:17,2,,100,0,1,2025-02-10 01:16:17,R_bwvPdXF7bVnX6Yu,,,,,,,test,,1,2,1,1,4,2,5,1,4,6,1,1,0,,87,4,4,4,38238
2025-02-10 01:16:17,2025-02-10 01:16:17,2,,100,0,1,2025-02-10 01:16:17,R_8xdwt42icH9vND8,,,,,,,test,,1,2,1,5,6,4,1,5,1,4,1,2,0,,34,6,2,1,17603
2025-02-10 01:16:17,2025-02-10 01:16:17,2,,100,0,1,2025-02-10 01:16:17,R_3PB2DexYDoaED78,,,,,,,test,,1,7,5,5,5,5,6,3,4,3,3,6,1,,19,5,1,7,37646
2025-02-10 01:16:17,2025-02-10 01:16:17,2,,100,0,1,2025-02-10 01:16:17,R_9sflyARiI7vaVbE,,,,,,,test,,1,2,3,3,3,1,6,4,6,2,2,2,55,"Dapibus temporibus rutrum magna. Dictumst, ac tempus tempus? Sem. Montes tincidunt? Eros sapien arcu.",92,6,4,2,30560
2025-02-10 01:16:18,2025-02-10 01:16:18,2,,100,0,1,2025-02-10 01:16:18,R_bCNgZ8QTLN0gizk,,,,,,,test,,1,6,7,7,2,2,5,6,3,2,1,6,99,,37,2,3,1,14241
2025-02-10 01:16:18,2025-02-10 01:16:18,2,,100,0,1,2025-02-10 01:16:18,R_3eDvl3nHjRqf4zA,,,,,,,test,,1,1,7,1,4,7,2,5,7,5,7,2,55,"Non. Fusce. Elementum, auctor commodo sagittis nulla interdum rutrum! Nunc faucibus.",102,3,1,7,39677
2025-02-10 01:16:18,2025-02-10 01:16:18,2,,100,0,1,2025-02-10 01:16:18,R_8nYA0p67pD4vigC,,,,,,,test,,1,1,7,6,6,1,1,1,5,3,4,2,0,,31,3,5,3,23029
2025-02-10 01:16:18,2025-02-10 01:16:18,2,,100,0,1,2025-02-10 01:16:18,R_1FvKRF2PgbnUPoa,,,,,,,test,,1,5,5,4,2,1,4,4,4,3,5,1,1,,66,5,1,5,17769
2025-02-10 01:16:18,2025-02-10 01:16:18,2,,100,0,1,2025-02-10 01:16:18,R_24aGtuoJ58xWR2C,,,,,,,test,,1,4,3,4,5,2,1,2,2,3,7,3,0,,105,2,1,6,43205
2025-02-10 01:16:18,2025-02-10 01:16:18,2,,100,0,1,2025-02-10 01:16:19,R_cBxIVRVUSS3Qwf4,,,,,,,test,,1,3,1,2,7,4,2,7,3,3,2,3,1,,76,6,5,4,24795
2025-02-10 01:16:19,2025-02-10 01:16:19,2,,100,0,1,2025-02-10 01:16:19,R_eSfmtTEWU5Qg3Gu,,,,,,,test,,1,2,3,3,2,5,2,5,1,1,2,2,1,,61,6,1,1,31692
2025-02-10 01:16:19,2025-02-10 01:16:19,2,,100,0,1,2025-02-10 01:16:19,R_9S6cftk2RaUbz7g,,,,,,,test,,1,4,2,2,7,1,3,6,4,2,7,6,99,,75,5,5,3,22242
2025-02-10 01:16:19,2025-02-10 01:16:19,2,,100,0,1,2025-02-10 01:16:19,R_37MKB45Mz1tM5ee,,,,,,,test,,1,1,1,2,6,5,2,4,1,4,6,2,99,,28,3,1,3,39332
2025-02-10 01:16:19,2025-02-10 01:16:19,2,,100,0,1,2025-02-10 01:16:19,R_38m4C6rPPh6ZzT0,,,,,,,test,,1,6,3,6,3,7,1,5,1,3,3,5,55,Risus? Diam. Augue suspendisse. Nullam blandit placerat aenean accusamus etiam dolorem? Aliquam ultrices.,44,3,1,6,43020
2025-02-10 01:16:19,2025-02-10 01:16:19,2,,100,0,1,2025-02-10 01:16:20,R_1TFMihUc5mXUHqe,,,,,,,test,,1,1,7,5,2,4,2,3,5,3,3,6,1,,81,2,2,4,40319
2025-02-10 01:16:20,2025-02-10 01:16:20,2,,100,0,1,2025-02-10 01:16:20,R_50fpjnXx0IyZex8,,,,,,,test,,1,6,2,1,7,3,6,3,7,5,7,2,0,,87,1,2,4,23395
2025-02-10 01:16:20,2025-02-10 01:16:20,2,,100,0,1,2025-02-10 01:16:20,R_5pXoFf91QtSKgia,,,,,,,test,,1,2,2,7,5,3,7,7,7,4,6,6,55,Gravida donec magna? Porta ipsum dignissim porta est metus. Pellentesque lorem integer sapien.,32,3,5,3,41921
2025-02-10 01:16:20,2025-02-10 01:16:20,2,,100,0,1,2025-02-10 01:16:20,R_4TvFrRU6kuWFRJA,,,,,,,test,,1,4,4,1,1,2,4,3,3,7,2,5,55,"Ridiculus eros proin rhoncus interdum! Faucibus ab, magnis porta elit at tempora.",86,3,3,8,29161
2025-02-10 01:16:20,2025-02-10 01:16:20,2,,100,0,1,2025-02-10 01:16:20,R_cZs1NHjxeUsrAB8,,,,,,,test,,1,6,1,5,4,7,2,1,3,2,3,5,1,,73,4,2,7,23170
2025-02-10 01:16:20,2025-02-10 01:16:20,2,,100,0,1,2025-02-10 01:16:20,R_3adfgduzmtkfCfk,,,,,,,test,,1,5,1,6,4,4,4,5,7,5,6,4,99,,96,5,1,5,22634
2025-02-10 01:16:20,2025-02-10 01:16:20,2,,100,0,1,2025-02-10 01:16:21,R_4HhTSk8v4EinU6W,,,,,,,test,,1,1,4,5,1,1,2,7,5,5,7,2,99,,92,2,1,8,34232
2025-02-10 01:16:21,2025-02-10 01:16:21,2,,100,0,1,2025-02-10 01:16:21,R_0J4D5DyIAvBcyk6,,,,,,,test,,1,2,2,2,5,7,7,5,6,6,2,5,99,,20,1,1,6,19898
2025-02-10 01:16:21,2025-02-10 01:16:21,2,,100,0,1,2025-02-10 01:16:21,R_72nxDk51rV6xwmG,,,,,,,test,,1,4,5,1,6,5,5,3,2,3,3,4,1,,51,1,5,1,42087
2025-02-10 01:16:21,2025-02-10 01:16:21,2,,100,0,1,2025-02-10 01:16:21,R_3z3pKjJdQdwikAu,,,,,,,test,,1,5,6,6,6,3,1,1,2,5,1,1,55,Orci purus lorem. Suscipit iaculis a risus? Vulputate pede. Platea! Mauris metus.,38,6,5,2,25168
2025-02-10 01:16:21,2025-02-10 01:16:21,2,,100,0,1,2025-02-10 01:16:21,R_6nG9eXbVI1OI4dw,,,,,,,test,,1,7,4,5,2,6,6,2,6,5,6,7,55,"Vestibulum dapibus temporibus malesuada venenatis? Elementum placerat integer sapien orci, montes.",49,6,4,5,35460
2025-02-10 01:16:21,2025-02-10 01:16:21,2,,100,0,1,2025-02-10 01:16:22,R_1B4hAVRUmbGL4cS,,,,,,,test,,1,2,5,6,5,2,5,4,5,5,1,7,99,,51,2,4,2,21963
2025-02-10 01:16:22,2025-02-10 01:16:22,2,,100,0,1,2025-02-10 01:16:22,R_9SnLEjE9fPFcAbI,,,,,,,test,,1,6,3,6,1,6,5,5,2,7,2,2,1,,57,2,3,2,22388
2025-02-10 01:16:22,2025-02-10 01:16:22,2,,100,0,1,2025-02-10 01:16:22,R_bBhp7hJj3TQ7lUG,,,,,,,test,,1,1,4,6,5,1,6,4,4,6,6,1,1,,47,2,2,7,22160
2025-02-10 01:16:22,2025-02-10 01:16:22,2,,100,0,1,2025-02-10 01:16:22,R_a01buBRpoLq9QzQ,,,,,,,test,,1,5,6,2,5,2,2,3,6,2,3,2,1,,104,1,5,1,19095
2025-02-10 01:16:22,2025-02-10 01:16:22,2,,100,0,1,2025-02-10 01:16:22,R_acaF0pEeIX2fF6m,,,,,,,test,,1,4,4,2,5,3,5,4,2,4,7,2,99,,51,3,4,3,14638
2025-02-10 01:16:22,2025-02-10 01:16:22,2,,100,0,1,2025-02-10 01:16:22,R_7WzQrVi4rMtLrsG,,,,,,,test,,1,5,4,5,4,1,4,5,2,6,1,5,0,,21,3,5,3,14799
2025-02-10 01:16:22,2025-02-10 01:16:23,2,,100,1,1,2025-02-10 01:16:23,R_eLhHOmKW4ID3ANM,,,,,,,test,,1,5,2,3,3,4,2,7,7,4,4,5,1,,90,1,1,8,19929
2025-02-10 01:16:23,2025-02-10 01:16:23,2,,100,0,1,2025-02-10 01:16:23,R_0rM6KhyMPmfAoWW,,,,,,,test,,1,1,5,5,1,6,4,3,3,5,5,3,1,,97,1,2,6,31618
2025-02-10 01:16:23,2025-02-10 01:16:23,2,,100,0,1,2025-02-10 01:16:23,R_9zswcCOqN9rsDVs,,,,,,,test,,1,3,6,5,4,7,6,4,1,3,2,1,0,,22,5,4,1,41679
2025-02-10 01:16:23,2025-02-10 01:16:23,2,,100,0,1,2025-02-10 01:16:23,R_3VLkUdtGAdp87zM,,,,,,,test,,1,1,3,7,5,4,1,6,5,5,3,1,55,Rhoncus integer imperdiet nunc curabitur leo? Dolorem tellus faucibus est rhoncus imperdiet.,22,6,2,2,38478
2025-02-10 01:16:23,2025-02-10 01:16:23,2,,100,0,1,2025-02-10 01:16:23,R_4UwUI3uD4ZjCQfA,,,,,,,test,,1,3,7,3,4,1,6,2,7,4,4,5,1,,58,1,2,6,21126
2025-02-10 01:16:23,2025-02-10 01:16:23,2,,100,0,1,2025-02-10 01:16:24,R_4ZQHPvM6HH8OrUG,,,,,,,test,,1,4,5,7,4,3,6,1,4,1,5,4,99,,69,1,4,3,29099
2025-02-10 01:16:24,2025-02-10 01:16:24,2,,100,0,1,2025-02-10 01:16:24,R_5nkUXxNBSV4VUtU,,,,,,,test,,1,3,6,6,6,2,2,4,7,7,6,4,99,,80,1,5,3,34631
2025-02-10 01:16:24,2025-02-10 01:16:24,2,,100,0,1,2025-02-10 01:16:24,R_0AHh0CO6BTxzRlQ,,,,,,,test,,1,4,7,3,2,3,3,1,3,3,3,3,55,"Et augue gravida felis nullam, et fermentum! Sed vel laoreet nunc nunc, eros wisi viverra.",47,5,1,5,39311
2025-02-10 01:16:24,2025-02-10 01:16:24,2,,100,0,1,2025-02-10 01:16:24,R_eDTJpaZUUpZ8aIS,,,,,,,test,,1,1,1,7,1,6,2,4,1,4,4,7,1,,95,4,2,7,15120
2025-02-10 01:16:24,2025-02-10 01:16:24,2,,100,0,1,2025-02-10 01:16:24,R_6RT08ZRHqqtc6hg,,,,,,,test,,1,4,1,1,2,5,6,5,3,4,2,5,0,,28,6,5,4,33448
2025-02-10 01:16:24,2025-02-10 01:16:24,2,,100,0,1,2025-02-10 01:16:24,R_9viABU0MO6PQUWW,,,,,,,test,,1,5,3,1,3,7,1,1,5,1,5,5,1,,64,1,3,7,17781
2025-02-10 01:16:25,2025-02-10 01:16:25,2,,100,0,1,2025-02-10 01:16:25,R_afqhFQZjt8NFjQa,,,,,,,test,,1,5,3,4,2,5,1,3,7,5,4,7,1,,23,3,4,6,15282
2025-02-10 01:16:25,2025-02-10 01:16:25,2,,100,0,1,2025-02-10 01:16:25,R_4PkRVV4K2LtYNcW,,,,,,,test,,1,5,7,4,7,2,7,3,2,7,6,1,55,"Fermentum. Nonummy pharetra sed pede vitae suspendisse convallis. Wisi, magna tortor.",19,6,4,2,26400
2025-02-10 01:16:25,2025-02-10 01:16:25,2,,100,0,1,2025-02-10 01:16:25,R_cUyUEPpU9dZwdbE,,,,,,,test,,1,1,4,1,4,6,5,4,7,3,3,2,99,,61,6,4,4,25960
2025-02-10 01:16:25,2025-02-10 01:16:25,2,,100,0,1,2025-02-10 01:16:25,R_3xXyeb7Fcd9uuXQ,,,,,,,test,,1,1,5,4,2,6,6,3,5,6,6,4,0,,88,4,1,3,16352
2025-02-10 01:16:25,2025-02-10 01:16:25,2,,100,0,1,2025-02-10 01:16:25,R_bIosTwrHgoEVbBs,,,,,,,test,,1,1,3,2,5,4,3,2,2,7,3,2,0,,104,1,2,6,26739
2025-02-10 01:16:25,2025-02-10 01:16:25,2,,100,0,1,2025-02-10 01:16:26,R_bkCkfQ8HpB3ln1Q,,,,,,,test,,1,1,2,6,1,4,2,4,7,2,6,1,55,"Rhoncus! Aliquet. A! Vel arcu, at sem sit! Proin pede malesuada. Magnis praesent.",57,6,1,6,28435